repository,package,bioc_version,release_date
software.txt,aCGH,1.06,2005-05-18
software.txt,affy,1.06,2005-05-18
software.txt,affycomp,1.06,2005-05-18
software.txt,affydata,1.06,2005-05-18
software.txt,affylmGUI,1.06,2005-05-18
software.txt,affypdnn,1.06,2005-05-18
software.txt,affyPLM,1.06,2005-05-18
software.txt,altcdfenvs,1.06,2005-05-18
software.txt,annaffy,1.06,2005-05-18
software.txt,AnnBuilder,1.06,2005-05-18
software.txt,annotate,1.06,2005-05-18
software.txt,apComplex,1.06,2005-05-18
software.txt,arrayMagic,1.06,2005-05-18
software.txt,arrayQuality,1.06,2005-05-18
software.txt,bim,1.06,2005-05-18
software.txt,Biobase,1.06,2005-05-18
software.txt,bioDist,1.06,2005-05-18
software.txt,biomaRt,1.06,2005-05-18
software.txt,Biostrings,1.06,2005-05-18
software.txt,bridge,1.06,2005-05-18
software.txt,Category,1.06,2005-05-18
software.txt,ChromoViz,1.06,2005-05-18
software.txt,CoCiteStats,1.06,2005-05-18
software.txt,convert,1.06,2005-05-18
software.txt,ctc,1.06,2005-05-18
software.txt,daMA,1.06,2005-05-18
software.txt,DEDS,1.06,2005-05-18
software.txt,DNAcopy,1.06,2005-05-18
software.txt,DynDoc,1.06,2005-05-18
software.txt,EBarrays,1.06,2005-05-18
software.txt,ecolitk,1.06,2005-05-18
software.txt,edd,1.06,2005-05-18
software.txt,factDesign,1.06,2005-05-18
software.txt,gcrma,1.06,2005-05-18
software.txt,genArise,1.06,2005-05-18
software.txt,genefilter,1.06,2005-05-18
software.txt,GeneMeta,1.06,2005-05-18
software.txt,geneplotter,1.06,2005-05-18
software.txt,GeneR,1.06,2005-05-18
software.txt,geneRecommender,1.06,2005-05-18
software.txt,GeneSpring,1.06,2005-05-18
software.txt,GeneTraffic,1.06,2005-05-18
software.txt,GeneTS,1.06,2005-05-18
software.txt,gff3Plotter,1.06,2005-05-18
software.txt,GLAD,1.06,2005-05-18
software.txt,globaltest,1.06,2005-05-18
software.txt,goCluster,1.06,2005-05-18
software.txt,GOstats,1.06,2005-05-18
software.txt,goTools,1.06,2005-05-18
software.txt,gpls,1.06,2005-05-18
software.txt,graph,1.06,2005-05-18
software.txt,GraphAT,1.06,2005-05-18
software.txt,hexbin,1.06,2005-05-18
software.txt,hopach,1.06,2005-05-18
software.txt,hypergraph,1.06,2005-05-18
software.txt,Icens,1.06,2005-05-18
software.txt,ideogram,1.06,2005-05-18
software.txt,impute,1.06,2005-05-18
software.txt,iSPlot,1.06,2005-05-18
software.txt,KEGGSOAP,1.06,2005-05-18
software.txt,limma,1.06,2005-05-18
software.txt,limmaGUI,1.06,2005-05-18
software.txt,LPE,1.06,2005-05-18
software.txt,macat,1.06,2005-05-18
software.txt,maDB,1.06,2005-05-18
software.txt,made4,1.06,2005-05-18
software.txt,makecdfenv,1.06,2005-05-18
software.txt,marray,1.06,2005-05-18
software.txt,matchprobes,1.06,2005-05-18
software.txt,MCRestimate,1.06,2005-05-18
software.txt,MeasurementError.cor,1.06,2005-05-18
software.txt,MergeMaid,1.06,2005-05-18
software.txt,MiPP,1.06,2005-05-18
software.txt,MLInterfaces,1.06,2005-05-18
software.txt,msbase,1.06,2005-05-18
software.txt,mscalib,1.06,2005-05-18
software.txt,multtest,1.06,2005-05-18
software.txt,nnNorm,1.06,2005-05-18
software.txt,OLIN,1.06,2005-05-18
software.txt,OLINgui,1.06,2005-05-18
software.txt,ontoTools,1.06,2005-05-18
software.txt,pairseqsim,1.06,2005-05-18
software.txt,pamr,1.06,2005-05-18
software.txt,pgUtils,1.06,2005-05-18
software.txt,pickgene,1.06,2005-05-18
software.txt,plgem,1.06,2005-05-18
software.txt,plier,1.06,2005-05-18
software.txt,prada,1.06,2005-05-18
software.txt,PROcess,1.06,2005-05-18
software.txt,qvalue,1.06,2005-05-18
software.txt,rama,1.06,2005-05-18
software.txt,RankProd,1.06,2005-05-18
software.txt,RBGL,1.06,2005-05-18
software.txt,Rdbi,1.06,2005-05-18
software.txt,RdbiPgSQL,1.06,2005-05-18
software.txt,reposTools,1.06,2005-05-18
software.txt,Resourcerer,1.06,2005-05-18
software.txt,rfcdmin,1.06,2005-05-18
software.txt,rflowcyt,1.06,2005-05-18
software.txt,Rgraphviz,1.06,2005-05-18
software.txt,rhdf5,1.06,2005-05-18
software.txt,RMAGEML,1.06,2005-05-18
software.txt,ROC,1.06,2005-05-18
software.txt,RSNPper,1.06,2005-05-18
software.txt,Ruuid,1.06,2005-05-18
software.txt,safe,1.06,2005-05-18
software.txt,SAGElyzer,1.06,2005-05-18
software.txt,sagenhaft,1.06,2005-05-18
software.txt,siggenes,1.06,2005-05-18
software.txt,simpleaffy,1.06,2005-05-18
software.txt,SNAData,1.06,2005-05-18
software.txt,splicegear,1.06,2005-05-18
software.txt,spotSegmentation,1.06,2005-05-18
software.txt,ssize,1.06,2005-05-18
software.txt,stam,1.06,2005-05-18
software.txt,stepNorm,1.06,2005-05-18
software.txt,tilingArray ,1.06,2005-05-18
software.txt,tkWidgets,1.06,2005-05-18
software.txt,twilight,1.06,2005-05-18
software.txt,vsn,1.06,2005-05-18
software.txt,webbioc,1.06,2005-05-18
software.txt,widgetInvoke,1.06,2005-05-18
software.txt,widgetTools,1.06,2005-05-18
software.txt,xcms,1.06,2005-05-18
software.txt,affxparser,1.07,2005-10-14
software.txt,affyQCReport,1.07,2005-10-14
software.txt,clusterStab,1.07,2005-10-14
software.txt,diffGeneAnalysis,1.07,2005-10-14
software.txt,externalVector,1.07,2005-10-14
software.txt,fdrame,1.07,2005-10-14
software.txt,GlobalAncova,1.07,2005-10-14
software.txt,HEM,1.07,2005-10-14
software.txt,maanova,1.07,2005-10-14
software.txt,MANOR,1.07,2005-10-14
software.txt,maSigPro,1.07,2005-10-14
software.txt,mmgmos,1.07,2005-10-14
software.txt,pdmclass,1.07,2005-10-14
software.txt,reb,1.07,2005-10-14
software.txt,SBMLR,1.07,2005-10-14
software.txt,simulatorAPMS,1.07,2005-10-14
software.txt,timecourse,1.07,2005-10-14
software.txt,adSplit,1.08,2006-04-27
software.txt,affycoretools,1.08,2006-04-27
software.txt,affyio,1.08,2006-04-27
software.txt,applera,1.08,2006-04-27
software.txt,beadarray,1.08,2006-04-27
software.txt,biocViews,1.08,2006-04-27
software.txt,cellHTS,1.08,2006-04-27
software.txt,cghMCR,1.08,2006-04-27
software.txt,codelink,1.08,2006-04-27
software.txt,copa,1.08,2006-04-27
software.txt,EBImage,1.08,2006-04-27
software.txt,exprExternal,1.08,2006-04-27
software.txt,GenomeBase,1.08,2006-04-27
software.txt,GEOquery,1.08,2006-04-27
software.txt,Heatplus,1.08,2006-04-27
software.txt,idiogram,1.08,2006-04-27
software.txt,LMGene,1.08,2006-04-27
software.txt,logicFS,1.08,2006-04-27
software.txt,maCorrPlot,1.08,2006-04-27
software.txt,MantelCorr,1.08,2006-04-27
software.txt,metaArray,1.08,2006-04-27
software.txt,Mfuzz,1.08,2006-04-27
software.txt,MVCClass,1.08,2006-04-27
software.txt,nudge,1.08,2006-04-27
software.txt,OCplus,1.08,2006-04-27
software.txt,OrderedList,1.08,2006-04-27
software.txt,panp,1.08,2006-04-27
software.txt,pathRender,1.08,2006-04-27
software.txt,RLMM,1.08,2006-04-27
software.txt,RMAPPER,1.08,2006-04-27
software.txt,ScISI,1.08,2006-04-27
software.txt,sizepower,1.08,2006-04-27
software.txt,snapCGH,1.08,2006-04-27
software.txt,sscore,1.08,2006-04-27
software.txt,y2hStat,1.08,2006-04-27
software.txt,ABarray,1.09,2006-10-04
software.txt,aroma.light,1.09,2006-10-04
software.txt,arrayQCplot,1.09,2006-10-04
software.txt,beadarraySNP,1.09,2006-10-04
software.txt,BeadExplorer,1.09,2006-10-04
software.txt,BioMVCClass,1.09,2006-10-04
software.txt,BSgenome,1.09,2006-10-04
software.txt,gaggle,1.09,2006-10-04
software.txt,GGtools,1.09,2006-10-04
software.txt,Harshlight,1.09,2006-10-04
software.txt,iSNetwork,1.09,2006-10-04
software.txt,lapmix,1.09,2006-10-04
software.txt,nem,1.09,2006-10-04
software.txt,pcaMethods,1.09,2006-10-04
software.txt,pcot2,1.09,2006-10-04
software.txt,pkgDepTools,1.09,2006-10-04
software.txt,ppiStats,1.09,2006-10-04
software.txt,quantsmooth,1.09,2006-10-04
software.txt,RbcBook1,1.09,2006-10-04
software.txt,Rredland,1.09,2006-10-04
software.txt,SAGx,1.09,2006-10-04
software.txt,sigPathway,1.09,2006-10-04
software.txt,spikeLI,1.09,2006-10-04
software.txt,splots,1.09,2006-10-04
software.txt,TypeInfo,1.09,2006-10-04
software.txt,weaver,1.09,2006-10-04
software.txt,ACME,2.00,2007-04-26
software.txt,annotationTools,2.00,2007-04-26
software.txt,bgx,2.00,2007-04-26
software.txt,BufferedMatrix,2.00,2007-04-26
software.txt,BufferedMatrixMethods,2.00,2007-04-26
software.txt,CALIB,2.00,2007-04-26
software.txt,CORREP,2.00,2007-04-26
software.txt,cosmo,2.00,2007-04-26
software.txt,cosmoGUI,2.00,2007-04-26
software.txt,exonmap,2.00,2007-04-26
software.txt,fbat,2.00,2007-04-26
software.txt,flowCore,2.00,2007-04-26
software.txt,flowViz,2.00,2007-04-26
software.txt,GeneticsBase,2.00,2007-04-26
software.txt,GeneticsDesign,2.00,2007-04-26
software.txt,GeneticsPed,2.00,2007-04-26
software.txt,LBE,2.00,2007-04-26
software.txt,lumi,2.00,2007-04-26
software.txt,makePlatformDesign,2.00,2007-04-26
software.txt,MassSpecWavelet,2.00,2007-04-26
software.txt,oligo,2.00,2007-04-26
software.txt,oneChannelGUI,2.00,2007-04-26
software.txt,pdInfoBuilder,2.00,2007-04-26
software.txt,PGSEA,2.00,2007-04-26
software.txt,puma,2.00,2007-04-26
software.txt,rbsurv,2.00,2007-04-26
software.txt,RefPlus,2.00,2007-04-26
software.txt,rHVDM,2.00,2007-04-26
software.txt,Ringo,2.00,2007-04-26
software.txt,RWebServices,2.00,2007-04-26
software.txt,SemSim,2.00,2007-04-26
software.txt,seqLogo,2.00,2007-04-26
software.txt,SLqPCR,2.00,2007-04-26
software.txt,SNPchip,2.00,2007-04-26
software.txt,topGO,2.00,2007-04-26
software.txt,AffyExpress,2.01,2007-10-08
software.txt,AnnotationDbi,2.01,2007-10-08
software.txt,arrayQualityMetrics,2.01,2007-10-08
software.txt,bgafun,2.01,2007-10-08
software.txt,biocGraph,2.01,2007-10-08
software.txt,cellHTS2,2.01,2007-10-08
software.txt,CGHcall,2.01,2007-10-08
software.txt,explorase,2.01,2007-10-08
software.txt,GSEABase,2.01,2007-10-08
software.txt,keggorth,2.01,2007-10-08
software.txt,maigesPack,2.01,2007-10-08
software.txt,oligoClasses,2.01,2007-10-08
software.txt,OutlierD,2.01,2007-10-08
software.txt,preprocessCore,2.01,2007-10-08
software.txt,Rintact,2.01,2007-10-08
software.txt,rsbml,2.01,2007-10-08
software.txt,SMAP,2.01,2007-10-08
software.txt,VanillaICE,2.01,2007-10-08
software.txt,vbmp,2.01,2007-10-08
software.txt,AffyCompatible,2.02,2008-05-01
software.txt,affyPara,2.02,2008-05-01
software.txt,BAC,2.02,2008-05-01
software.txt,BCRANK,2.02,2008-05-01
software.txt,BGmix,2.02,2008-05-01
software.txt,BiocCaseStudies,2.02,2008-05-01
software.txt,flowClust,2.02,2008-05-01
software.txt,flowQ,2.02,2008-05-01
software.txt,flowUtils,2.02,2008-05-01
software.txt,gaga,2.02,2008-05-01
software.txt,GeneRfold,2.02,2008-05-01
software.txt,GeneSelector,2.02,2008-05-01
software.txt,GenomeGraphs,2.02,2008-05-01
software.txt,GEOmetadb,2.02,2008-05-01
software.txt,GGBase,2.02,2008-05-01
software.txt,goProfiles,2.02,2008-05-01
software.txt,GraphAlignment,2.02,2008-05-01
software.txt,GSEAlm,2.02,2008-05-01
software.txt,mdqc,2.02,2008-05-01
software.txt,occugene,2.02,2008-05-01
software.txt,PCpheno,2.02,2008-05-01
software.txt,plw,2.02,2008-05-01
software.txt,RBioinf,2.02,2008-05-01
software.txt,Rdisop,2.02,2008-05-01
software.txt,rtracklayer,2.02,2008-05-01
software.txt,Rtreemix,2.02,2008-05-01
software.txt,SLGI,2.02,2008-05-01
software.txt,snpMatrix,2.02,2008-05-01
software.txt,tilingArray,2.02,2008-05-01
software.txt,XDE,2.02,2008-05-01
software.txt,xps,2.02,2008-05-01
software.txt,yaqcaffy,2.02,2008-05-01
software.txt,affyContam,2.03,2008-10-22
software.txt,Agi4x44PreProcess,2.03,2008-10-22
software.txt,ArrayExpress,2.03,2008-10-22
software.txt,arrayMvout,2.03,2008-10-22
software.txt,ArrayTools,2.03,2008-10-22
software.txt,BicARE,2.03,2008-10-22
software.txt,CGHbase,2.03,2008-10-22
software.txt,CGHregions,2.03,2008-10-22
software.txt,ChemmineR,2.03,2008-10-22
software.txt,CMA,2.03,2008-10-22
software.txt,DFP,2.03,2008-10-22
software.txt,domainsignatures,2.03,2008-10-22
software.txt,dualKS,2.03,2008-10-22
software.txt,edgeR,2.03,2008-10-22
software.txt,HELP,2.03,2008-10-22
software.txt,HilbertVis,2.03,2008-10-22
software.txt,HilbertVisGUI,2.03,2008-10-22
software.txt,IRanges,2.03,2008-10-22
software.txt,ITALICS,2.03,2008-10-22
software.txt,iterativeBMA,2.03,2008-10-22
software.txt,iterativeBMAsurv,2.03,2008-10-22
software.txt,KCsmart,2.03,2008-10-22
software.txt,logitT,2.03,2008-10-22
software.txt,LPEadj,2.03,2008-10-22
software.txt,MEDME,2.03,2008-10-22
software.txt,microRNA,2.03,2008-10-22
software.txt,minet,2.03,2008-10-22
software.txt,miRNApath,2.03,2008-10-22
software.txt,multiscan,2.03,2008-10-22
software.txt,parody,2.03,2008-10-22
software.txt,PLPE,2.03,2008-10-22
software.txt,RNAither,2.03,2008-10-22
software.txt,RpsiXML,2.03,2008-10-22
software.txt,ShortRead,2.03,2008-10-22
software.txt,SIM,2.03,2008-10-22
software.txt,xmapbridge,2.03,2008-10-22
software.txt,AffyTiling,2.04,2009-04-21
software.txt,betr,2.04,2009-04-21
software.txt,biocDatasets,2.04,2009-04-21
software.txt,CAMERA,2.04,2009-04-21
software.txt,crlmm,2.04,2009-04-21
software.txt,DAVIDQuery,2.04,2009-04-21
software.txt,dyebias,2.04,2009-04-21
software.txt,flagme,2.04,2009-04-21
software.txt,flowFlowJo,2.04,2009-04-21
software.txt,flowStats,2.04,2009-04-21
software.txt,gene2pathway,2.04,2009-04-21
software.txt,GeneRegionScan,2.04,2009-04-21
software.txt,GeneSelectMMD,2.04,2009-04-21
software.txt,genomeIntervals,2.04,2009-04-21
software.txt,GOSemSim,2.04,2009-04-21
software.txt,KEGGgraph,2.04,2009-04-21
software.txt,metahdep,2.04,2009-04-21
software.txt,PAnnBuilder,2.04,2009-04-21
software.txt,qpcrNorm,2.04,2009-04-21
software.txt,qpgraph,2.04,2009-04-21
software.txt,Rmagpie,2.04,2009-04-21
software.txt,rMAT,2.04,2009-04-21
software.txt,SPIA,2.04,2009-04-21
software.txt,spkTools,2.04,2009-04-21
software.txt,SSPA,2.04,2009-04-21
software.txt,TargetSearch,2.04,2009-04-21
software.txt,tspair,2.04,2009-04-21
software.txt,AgiMicroRna,2.05,2009-10-28
software.txt,baySeq,2.05,2009-10-28
software.txt,BioSeqClass,2.05,2009-10-28
software.txt,BUS,2.05,2009-10-28
software.txt,CGHnormaliter,2.05,2009-10-28
software.txt,ChIPpeakAnno,2.05,2009-10-28
software.txt,chipseq,2.05,2009-10-28
software.txt,ChIPseqR,2.05,2009-10-28
software.txt,ChIPsim,2.05,2009-10-28
software.txt,ChromHeatMap,2.05,2009-10-28
software.txt,clippda,2.05,2009-10-28
software.txt,CNTools,2.05,2009-10-28
software.txt,CNVtools,2.05,2009-10-28
software.txt,cycle,2.05,2009-10-28
software.txt,ddCt,2.05,2009-10-28
software.txt,DEGseq,2.05,2009-10-28
software.txt,flowFP,2.05,2009-10-28
software.txt,flowMerge,2.05,2009-10-28
software.txt,GeneAnswers,2.05,2009-10-28
software.txt,GenomicFeatures,2.05,2009-10-28
software.txt,Genominator,2.05,2009-10-28
software.txt,HTqPCR,2.05,2009-10-28
software.txt,LiquidAssociation,2.05,2009-10-28
software.txt,mBPCR,2.05,2009-10-28
software.txt,methylumi,2.05,2009-10-28
software.txt,MiChip,2.05,2009-10-28
software.txt,plateCore,2.05,2009-10-28
software.txt,RmiR,2.05,2009-10-28
software.txt,Rolexa,2.05,2009-10-28
software.txt,RPA,2.05,2009-10-28
software.txt,RTCA,2.05,2009-10-28
software.txt,RTools4TB,2.05,2009-10-28
software.txt,SJava,2.05,2009-10-28
software.txt,SpeCond,2.05,2009-10-28
software.txt,Starr,2.05,2009-10-28
software.txt,affyILM,2.06,2010-04-23
software.txt,BayesPeak,2.06,2010-04-23
software.txt,BeadDataPackR,2.06,2010-04-23
software.txt,charm,2.06,2010-04-23
software.txt,ConsensusClusterPlus,2.06,2010-04-23
software.txt,CSAR,2.06,2010-04-23
software.txt,DESeq,2.06,2010-04-23
software.txt,eisa,2.06,2010-04-23
software.txt,ExpressionView,2.06,2010-04-23
software.txt,flowMeans,2.06,2010-04-23
software.txt,flowTrans,2.06,2010-04-23
software.txt,frma,2.06,2010-04-23
software.txt,frmaTools,2.06,2010-04-23
software.txt,genoCN,2.06,2010-04-23
software.txt,genomes,2.06,2010-04-23
software.txt,GenomicRanges,2.06,2010-04-23
software.txt,GEOsubmission,2.06,2010-04-23
software.txt,girafe,2.06,2010-04-23
software.txt,goseq,2.06,2010-04-23
software.txt,GSRI,2.06,2010-04-23
software.txt,hyperdraw,2.06,2010-04-23
software.txt,iChip,2.06,2010-04-23
software.txt,iFlow,2.06,2010-04-23
software.txt,keggorthology,2.06,2010-04-23
software.txt,MassArray,2.06,2010-04-23
software.txt,methVisual,2.06,2010-04-23
software.txt,MotIV,2.06,2010-04-23
software.txt,PICS,2.06,2010-04-23
software.txt,pint,2.06,2010-04-23
software.txt,PROMISE,2.06,2010-04-23
software.txt,rGADEM,2.06,2010-04-23
software.txt,Rsamtools,2.06,2010-04-23
software.txt,SamSPECTRAL,2.06,2010-04-23
software.txt,segmentSeq,2.06,2010-04-23
software.txt,SRAdb,2.06,2010-04-23
software.txt,tigre,2.06,2010-04-23
software.txt,xmapcore,2.06,2010-04-23
software.txt,ADaCGH2,2.07,2010-10-18
software.txt,attract,2.07,2010-10-18
software.txt,BHC,2.07,2010-10-18
software.txt,BioNet,2.07,2010-10-18
software.txt,CGEN,2.07,2010-10-18
software.txt,CoGAPS,2.07,2010-10-18
software.txt,coRNAi,2.07,2010-10-18
software.txt,CRImage,2.07,2010-10-18
software.txt,DEGraph,2.07,2010-10-18
software.txt,fabia,2.07,2010-10-18
software.txt,farms,2.07,2010-10-18
software.txt,gage,2.07,2010-10-18
software.txt,GeneGA,2.07,2010-10-18
software.txt,HTSanalyzeR,2.07,2010-10-18
software.txt,imageHTS,2.07,2010-10-18
software.txt,iSeq,2.07,2010-10-18
software.txt,IsoGeneGUI,2.07,2010-10-18
software.txt,les,2.07,2010-10-18
software.txt,LVSmiRNA,2.07,2010-10-18
software.txt,MBCB,2.07,2010-10-18
software.txt,MEDIPS,2.07,2010-10-18
software.txt,Mulcom,2.07,2010-10-18
software.txt,netresponse,2.07,2010-10-18
software.txt,NTW,2.07,2010-10-18
software.txt,NuPoP,2.07,2010-10-18
software.txt,ontoCAT,2.07,2010-10-18
software.txt,OTUbase,2.07,2010-10-18
software.txt,PatientGeneSets,2.07,2010-10-18
software.txt,R453Plus1Toolbox,2.07,2010-10-18
software.txt,RCytoscape,2.07,2010-10-18
software.txt,RDRToolbox,2.07,2010-10-18
software.txt,rnaSeqMap,2.07,2010-10-18
software.txt,SQUADD,2.07,2010-10-18
software.txt,a4,2.08,2011-04-14
software.txt,a4Base,2.08,2011-04-14
software.txt,a4Classif,2.08,2011-04-14
software.txt,a4Core,2.08,2011-04-14
software.txt,a4Preproc,2.08,2011-04-14
software.txt,a4Reporting,2.08,2011-04-14
software.txt,AnnotationFuncs,2.08,2011-04-14
software.txt,anota,2.08,2011-04-14
software.txt,ArrayExpressHTS,2.08,2011-04-14
software.txt,chopsticks,2.08,2011-04-14
software.txt,Clonality,2.08,2011-04-14
software.txt,clst,2.08,2011-04-14
software.txt,clstutils,2.08,2011-04-14
software.txt,clusterProfiler,2.08,2011-04-14
software.txt,cn.farms,2.08,2011-04-14
software.txt,ENVISIONQuery,2.08,2011-04-14
software.txt,ExiMiR,2.08,2011-04-14
software.txt,flowPhyto,2.08,2011-04-14
software.txt,flowPlots,2.08,2011-04-14
software.txt,gaia,2.08,2011-04-14
software.txt,genefu,2.08,2011-04-14
software.txt,genoset,2.08,2011-04-14
software.txt,GSVA,2.08,2011-04-14
software.txt,ibh,2.08,2011-04-14
software.txt,inveRsion,2.08,2011-04-14
software.txt,IPPD,2.08,2011-04-14
software.txt,joda,2.08,2011-04-14
software.txt,lol,2.08,2011-04-14
software.txt,mcaGUI,2.08,2011-04-14
software.txt,mgsa,2.08,2011-04-14
software.txt,MLP,2.08,2011-04-14
software.txt,mosaics,2.08,2011-04-14
software.txt,MSnbase,2.08,2011-04-14
software.txt,NCIgraph,2.08,2011-04-14
software.txt,phenoDist,2.08,2011-04-14
software.txt,phenoTest,2.08,2011-04-14
software.txt,procoil,2.08,2011-04-14
software.txt,pvac,2.08,2011-04-14
software.txt,qrqc,2.08,2011-04-14
software.txt,RNAinteract,2.08,2011-04-14
software.txt,Rsubread,2.08,2011-04-14
software.txt,seqbias,2.08,2011-04-14
software.txt,snm,2.08,2011-04-14
software.txt,snpStats,2.08,2011-04-14
software.txt,survcomp,2.08,2011-04-14
software.txt,TDARACNE,2.08,2011-04-14
software.txt,TEQC,2.08,2011-04-14
software.txt,TurboNorm,2.08,2011-04-14
software.txt,Vega,2.08,2011-04-14
software.txt,AGDEX,2.09,2011-11-01
software.txt,BiocInstaller,2.09,2011-11-01
software.txt,biovizBase,2.09,2011-11-01
software.txt,CellNOptR,2.09,2011-11-01
software.txt,cn.mops,2.09,2011-11-01
software.txt,CNAnorm,2.09,2011-11-01
software.txt,Cormotif,2.09,2011-11-01
software.txt,cqn,2.09,2011-11-01
software.txt,cummeRbund,2.09,2011-11-01
software.txt,DECIPHER,2.09,2011-11-01
software.txt,DEXSeq,2.09,2011-11-01
software.txt,DiffBind,2.09,2011-11-01
software.txt,dks,2.09,2011-11-01
software.txt,DOSE,2.09,2011-11-01
software.txt,DTA,2.09,2011-11-01
software.txt,EDASeq,2.09,2011-11-01
software.txt,exomeCopy,2.09,2011-11-01
software.txt,fastseg,2.09,2011-11-01
software.txt,flowType,2.09,2011-11-01
software.txt,flowWorkspace,2.09,2011-11-01
software.txt,GeneExpressionSignature,2.09,2011-11-01
software.txt,ggbio,2.09,2011-11-01
software.txt,GOFunction,2.09,2011-11-01
software.txt,graphite,2.09,2011-11-01
software.txt,GRENITS,2.09,2011-11-01
software.txt,GWASTools,2.09,2011-11-01
software.txt,htSeqTools,2.09,2011-11-01
software.txt,IdMappingRetrieval,2.09,2011-11-01
software.txt,inSilicoDb,2.09,2011-11-01
software.txt,iontree,2.09,2011-11-01
software.txt,isobar,2.09,2011-11-01
software.txt,minfi,2.09,2011-11-01
software.txt,MmPalateMiRNA,2.09,2011-11-01
software.txt,mzR,2.09,2011-11-01
software.txt,ncdfFlow,2.09,2011-11-01
software.txt,NormqPCR,2.09,2011-11-01
software.txt,nucleR,2.09,2011-11-01
software.txt,PANR,2.09,2011-11-01
software.txt,PREDA,2.09,2011-11-01
software.txt,predictionet,2.09,2011-11-01
software.txt,r3Cseq,2.09,2011-11-01
software.txt,RamiGO,2.09,2011-11-01
software.txt,randPack,2.09,2011-11-01
software.txt,RCASPAR,2.09,2011-11-01
software.txt,ReadqPCR,2.09,2011-11-01
software.txt,RedeR,2.09,2011-11-01
software.txt,REDseq,2.09,2011-11-01
software.txt,Repitools,2.09,2011-11-01
software.txt,ReQON,2.09,2011-11-01
software.txt,rqubic,2.09,2011-11-01
software.txt,RTopper,2.09,2011-11-01
software.txt,stepwiseCM,2.09,2011-11-01
software.txt,Streamer,2.09,2011-11-01
software.txt,sva,2.09,2011-11-01
software.txt,trigger,2.09,2011-11-01
software.txt,TSSi,2.09,2011-11-01
software.txt,tweeDEseq,2.09,2011-11-01
software.txt,VariantAnnotation,2.09,2011-11-01
software.txt,zlibbioc,2.09,2011-11-01
software.txt,AffyRNADegradation,2.10,2012-04-02
software.txt,ASEB,2.10,2012-04-02
software.txt,BiocGenerics,2.10,2012-04-02
software.txt,birta,2.10,2012-04-02
software.txt,BitSeq,2.10,2012-04-02
software.txt,BRAIN,2.10,2012-04-02
software.txt,BrainStars,2.10,2012-04-02
software.txt,CancerMutationAnalysis,2.10,2012-04-02
software.txt,categoryCompare,2.10,2012-04-02
software.txt,cellGrowth,2.10,2012-04-02
software.txt,cnvGSA,2.10,2012-04-02
software.txt,coGPS,2.10,2012-04-02
software.txt,DART,2.10,2012-04-02
software.txt,deepSNV,2.10,2012-04-02
software.txt,easyRNASeq,2.10,2012-04-02
software.txt,EBcoexpress,2.10,2012-04-02
software.txt,ffpe,2.10,2012-04-02
software.txt,GeneGroupAnalysis,2.10,2012-04-02
software.txt,GEWIST,2.10,2012-04-02
software.txt,gprege,2.10,2012-04-02
software.txt,Gviz,2.10,2012-04-02
software.txt,gwascat,2.10,2012-04-02
software.txt,HiTC,2.10,2012-04-02
software.txt,HybridMTest,2.10,2012-04-02
software.txt,iASeq,2.10,2012-04-02
software.txt,iBBiG,2.10,2012-04-02
software.txt,IdMappingAnalysis,2.10,2012-04-02
software.txt,inSilicoMerging,2.10,2012-04-02
software.txt,manta,2.10,2012-04-02
software.txt,maskBAD,2.10,2012-04-02
software.txt,MinimumDistance,2.10,2012-04-02
software.txt,motifRG,2.10,2012-04-02
software.txt,NarrowPeaks,2.10,2012-04-02
software.txt,pcaGoPromoter,2.10,2012-04-02
software.txt,phyloseq,2.10,2012-04-02
software.txt,PING,2.10,2012-04-02
software.txt,QUALIFIER,2.10,2012-04-02
software.txt,RchyOptimyx,2.10,2012-04-02
software.txt,ReactomePA,2.10,2012-04-02
software.txt,sigaR,2.10,2012-04-02
software.txt,spade ,2.10,2012-04-02
software.txt,ternarynet,2.10,2012-04-02
software.txt,VegaMC,2.10,2012-04-02
software.txt,virtualArray,2.10,2012-04-02
software.txt,agilp,2.11,2012-10-03
software.txt,annmap,2.11,2012-10-03
software.txt,AnnotationForge,2.11,2012-10-03
software.txt,bigmemoryExtras,2.11,2012-10-03
software.txt,bsseq,2.11,2012-10-03
software.txt,cancerclass,2.11,2012-10-03
software.txt,ChIPXpress,2.11,2012-10-03
software.txt,chroGPS,2.11,2012-10-03
software.txt,CNORdt,2.11,2012-10-03
software.txt,CNORfuzzy,2.11,2012-10-03
software.txt,CNORode,2.11,2012-10-03
software.txt,CorMut,2.11,2012-10-03
software.txt,DBChIP,2.11,2012-10-03
software.txt,ddgraph,2.11,2012-10-03
software.txt,DeconRNASeq,2.11,2012-10-03
software.txt,DirichletMultinomial,2.11,2012-10-03
software.txt,DSS,2.11,2012-10-03
software.txt,EasyqpcR,2.11,2012-10-03
software.txt,flowPeaks,2.11,2012-10-03
software.txt,flowQB,2.11,2012-10-03
software.txt,fmcsR,2.11,2012-10-03
software.txt,FunciSNP,2.11,2012-10-03
software.txt,gCMAP,2.11,2012-10-03
software.txt,GeneNetworkBuilder,2.11,2012-10-03
software.txt,gmapR,2.11,2012-10-03
software.txt,hapFabia,2.11,2012-10-03
software.txt,HMMcopy,2.11,2012-10-03
software.txt,hpar,2.11,2012-10-03
software.txt,HTSeqGenie,2.11,2012-10-03
software.txt,iPAC,2.11,2012-10-03
software.txt,KEGGprofile,2.11,2012-10-03
software.txt,lmdme,2.11,2012-10-03
software.txt,matchBox,2.11,2012-10-03
software.txt,methyAnalysis,2.11,2012-10-03
software.txt,MiRaGE,2.11,2012-10-03
software.txt,MotifDb,2.11,2012-10-03
software.txt,motifStack,2.11,2012-10-03
software.txt,networkBMA,2.11,2012-10-03
software.txt,NOISeq,2.11,2012-10-03
software.txt,OrganismDbi,2.11,2012-10-03
software.txt,OSAT,2.11,2012-10-03
software.txt,PADOG,2.11,2012-10-03
software.txt,PWMEnrich,2.11,2012-10-03
software.txt,Rcade,2.11,2012-10-03
software.txt,ReportingTools,2.11,2012-10-03
software.txt,RGalaxy,2.11,2012-10-03
software.txt,Risa,2.11,2012-10-03
software.txt,RMassBank,2.11,2012-10-03
software.txt,rols,2.11,2012-10-03
software.txt,rSFFreader,2.11,2012-10-03
software.txt,SCAN.UPC,2.11,2012-10-03
software.txt,staRank,2.11,2012-10-03
software.txt,synapter,2.11,2012-10-03
software.txt,TransView,2.11,2012-10-03
software.txt,triform,2.11,2012-10-03
software.txt,VariantTools ,2.11,2012-10-03
software.txt,waveTiling,2.11,2012-10-03
software.txt,AnnotationHub,2.12,2013-04-04
software.txt,antiProfiles,2.12,2013-04-04
software.txt,ARRmNormalization,2.12,2013-04-04
software.txt,BaseSpaceR,2.12,2013-04-04
software.txt,biomvRCNS,2.12,2013-04-04
software.txt,BiSeq,2.12,2013-04-04
software.txt,bumphunter,2.12,2013-04-04
software.txt,CAGEr,2.12,2013-04-04
software.txt,casper,2.12,2013-04-04
software.txt,chimera,2.12,2013-04-04
software.txt,cisPath,2.12,2013-04-04
software.txt,clipper,2.12,2013-04-04
software.txt,CNORfeeder,2.12,2013-04-04
software.txt,copynumber,2.12,2013-04-04
software.txt,DASiR,2.12,2013-04-04
software.txt,deltaGseg,2.12,2013-04-04
software.txt,DESeq2,2.12,2013-04-04
software.txt,dexus,2.12,2013-04-04
software.txt,DriverNet,2.12,2013-04-04
software.txt,DrugVsDisease,2.12,2013-04-04
software.txt,eiR,2.12,2013-04-04
software.txt,ensemblVEP,2.12,2013-04-04
software.txt,epigenomix,2.12,2013-04-04
software.txt,gCMAPWeb,2.12,2013-04-04
software.txt,GENE.E,2.12,2013-04-04
software.txt,geNetClassifier,2.12,2013-04-04
software.txt,GraphPAC,2.12,2013-04-04
software.txt,HCsnip,2.12,2013-04-04
software.txt,HTSFilter,2.12,2013-04-04
software.txt,iBMQ,2.12,2013-04-04
software.txt,illuminaio,2.12,2013-04-04
software.txt,jmosaics,2.12,2013-04-04
software.txt,KEGGREST,2.12,2013-04-04
software.txt,lpNet,2.12,2013-04-04
software.txt,metagenomeSeq,2.12,2013-04-04
software.txt,MethylSeekR,2.12,2013-04-04
software.txt,MineICA,2.12,2013-04-04
software.txt,MMDiff,2.12,2013-04-04
software.txt,PAPi,2.12,2013-04-04
software.txt,PathNet,2.12,2013-04-04
software.txt,pathview,2.12,2013-04-04
software.txt,piano,2.12,2013-04-04
software.txt,plrs,2.12,2013-04-04
software.txt,prebs,2.12,2013-04-04
software.txt,pRoloc,2.12,2013-04-04
software.txt,proteinProfiles,2.12,2013-04-04
software.txt,pvca,2.12,2013-04-04
software.txt,QuasR,2.12,2013-04-04
software.txt,rBiopaxParser,2.12,2013-04-04
software.txt,Rbowtie,2.12,2013-04-04
software.txt,RIPSeeker,2.12,2013-04-04
software.txt,RNASeqPower,2.12,2013-04-04
software.txt,ROntoTools,2.12,2013-04-04
software.txt,RSVSim,2.12,2013-04-04
software.txt,rTANDEM,2.12,2013-04-04
software.txt,SANTA,2.12,2013-04-04
software.txt,SeqArray,2.12,2013-04-04
software.txt,SeqGSEA,2.12,2013-04-04
software.txt,SNAGEE,2.12,2013-04-04
software.txt,SomatiCA,2.12,2013-04-04
software.txt,SPEM,2.12,2013-04-04
software.txt,SplicingGraphs,2.12,2013-04-04
software.txt,triplex,2.12,2013-04-04
software.txt,UniProt.ws,2.12,2013-04-04
software.txt,wateRmelon,2.12,2013-04-04
software.txt,AllelicImbalance,2.13,2013-10-15
software.txt,ampliQueso,2.13,2013-10-15
software.txt,ArrayTV,2.13,2013-10-15
software.txt,ASSET,2.13,2013-10-15
software.txt,BADER,2.13,2013-10-15
software.txt,BAGS,2.13,2013-10-15
software.txt,BiGGR,2.13,2013-10-15
software.txt,bioassayR,2.13,2013-10-15
software.txt,BiocParallel,2.13,2013-10-15
software.txt,BiocStyle,2.13,2013-10-15
software.txt,BiRewire,2.13,2013-10-15
software.txt,CexoR,2.13,2013-10-15
software.txt,ChAMP,2.13,2013-10-15
software.txt,ChemmineOB,2.13,2013-10-15
software.txt,chipenrich,2.13,2013-10-15
software.txt,cleanUpdTSeq,2.13,2013-10-15
software.txt,cleaver,2.13,2013-10-15
software.txt,clonotypeR,2.13,2013-10-15
software.txt,CNVrd2,2.13,2013-10-15
software.txt,cobindR,2.13,2013-10-15
software.txt,CSSP,2.13,2013-10-15
software.txt,customProDB,2.13,2013-10-15
software.txt,dagLogo,2.13,2013-10-15
software.txt,DNaseR,2.13,2013-10-15
software.txt,EBSeq,2.13,2013-10-15
software.txt,epivizr,2.13,2013-10-15
software.txt,exomePeak,2.13,2013-10-15
software.txt,FGNet,2.13,2013-10-15
software.txt,flipflop,2.13,2013-10-15
software.txt,flowBeads,2.13,2013-10-15
software.txt,flowFit,2.13,2013-10-15
software.txt,flowMap,2.13,2013-10-15
software.txt,GOSim,2.13,2013-10-15
software.txt,h5vc,2.13,2013-10-15
software.txt,intansv,2.13,2013-10-15
software.txt,interactiveDisplay,2.13,2013-10-15
software.txt,maPredictDSC,2.13,2013-10-15
software.txt,metaSeq,2.13,2013-10-15
software.txt,methylMnM,2.13,2013-10-15
software.txt,mitoODE,2.13,2013-10-15
software.txt,msmsEDA,2.13,2013-10-15
software.txt,msmsTests,2.13,2013-10-15
software.txt,MSstats,2.13,2013-10-15
software.txt,mzID,2.13,2013-10-15
software.txt,neaGUI,2.13,2013-10-15
software.txt,NetSAM,2.13,2013-10-15
software.txt,omicade4,2.13,2013-10-15
software.txt,OmicCircos,2.13,2013-10-15
software.txt,openCyto,2.13,2013-10-15
software.txt,paircompviz,2.13,2013-10-15
software.txt,pathifier,2.13,2013-10-15
software.txt,plethy,2.13,2013-10-15
software.txt,ProCoNA,2.13,2013-10-15
software.txt,prot2D,2.13,2013-10-15
software.txt,PSICQUIC,2.13,2013-10-15
software.txt,qcmetrics,2.13,2013-10-15
software.txt,qusage,2.13,2013-10-15
software.txt,Rchemcpp,2.13,2013-10-15
software.txt,RDAVIDWebService,2.13,2013-10-15
software.txt,rfPred,2.13,2013-10-15
software.txt,Roleswitch,2.13,2013-10-15
software.txt,RRHO,2.13,2013-10-15
software.txt,RTN,2.13,2013-10-15
software.txt,rTRM,2.13,2013-10-15
software.txt,rTRMui,2.13,2013-10-15
software.txt,seqCNA,2.13,2013-10-15
software.txt,SeqVarTools,2.13,2013-10-15
software.txt,shinyTANDEM,2.13,2013-10-15
software.txt,SigFuge,2.13,2013-10-15
software.txt,SimBindProfiles,2.13,2013-10-15
software.txt,SpacePAC,2.13,2013-10-15
software.txt,spliceR,2.13,2013-10-15
software.txt,spliceSites,2.13,2013-10-15
software.txt,sRAP,2.13,2013-10-15
software.txt,sSeq,2.13,2013-10-15
software.txt,STRINGdb,2.13,2013-10-15
software.txt,supraHex,2.13,2013-10-15
software.txt,SwimR,2.13,2013-10-15
software.txt,TargetScore,2.13,2013-10-15
software.txt,TCC,2.13,2013-10-15
software.txt,TFBSTools,2.13,2013-10-15
software.txt,tRanslatome,2.13,2013-10-15
software.txt,trio,2.13,2013-10-15
software.txt,vtpnet,2.13,2013-10-15
software.txt,XVector,2.13,2013-10-15
software.txt,ABSSeq,2.14,2014-04-14
software.txt,alsace,2.14,2014-04-14
software.txt,asmn,2.14,2014-04-14
software.txt,ASSIGN,2.14,2014-04-14
software.txt,AtlasRDF,2.14,2014-04-14
software.txt,Basic4Cseq,2.14,2014-04-14
software.txt,BEAT ,2.14,2014-04-14
software.txt,BiocCheck,2.14,2014-04-14
software.txt,biosvd ,2.14,2014-04-14
software.txt,CAFE,2.14,2014-04-14
software.txt,ccrepe,2.14,2014-04-14
software.txt,ChIPQC,2.14,2014-04-14
software.txt,ChIPseeker,2.14,2014-04-14
software.txt,Clomial,2.14,2014-04-14
software.txt,CNEr,2.14,2014-04-14
software.txt,COHCAP,2.14,2014-04-14
software.txt,COMPASS,2.14,2014-04-14
software.txt,compcodeR,2.14,2014-04-14
software.txt,CompGO,2.14,2014-04-14
software.txt,COPDSexualDimorphism,2.14,2014-04-14
software.txt,CopyNumber450k,2.14,2014-04-14
software.txt,CoverageView,2.14,2014-04-14
software.txt,CRISPRseek,2.14,2014-04-14
software.txt,DMRcate,2.14,2014-04-14
software.txt,DMRforPairs,2.14,2014-04-14
software.txt,EDDA,2.14,2014-04-14
software.txt,ELBOW ,2.14,2014-04-14
software.txt,fastLiquidAssociation,2.14,2014-04-14
software.txt,flowBin,2.14,2014-04-14
software.txt,flowCL,2.14,2014-04-14
software.txt,flowCyBar,2.14,2014-04-14
software.txt,flowMatch,2.14,2014-04-14
software.txt,FRGEpistasis,2.14,2014-04-14
software.txt,gaucho,2.14,2014-04-14
software.txt,GeneOverlap,2.14,2014-04-14
software.txt,geneRxCluster,2.14,2014-04-14
software.txt,GenomeInfoDb ,2.14,2014-04-14
software.txt,GenomicAlignments,2.14,2014-04-14
software.txt,GenomicFiles,2.14,2014-04-14
software.txt,GOTHiC,2.14,2014-04-14
software.txt,GSCA,2.14,2014-04-14
software.txt,iClusterPlus,2.14,2014-04-14
software.txt,INPower,2.14,2014-04-14
software.txt,massiR,2.14,2014-04-14
software.txt,MeSHDbi,2.14,2014-04-14
software.txt,meshr,2.14,2014-04-14
software.txt,messina,2.14,2014-04-14
software.txt,metaMS,2.14,2014-04-14
software.txt,metaseqR,2.14,2014-04-14
software.txt,MIMOSA,2.14,2014-04-14
software.txt,Mirsynergy,2.14,2014-04-14
software.txt,MLSeq,2.14,2014-04-14
software.txt,mmnet,2.14,2014-04-14
software.txt,NetPathMiner,2.14,2014-04-14
software.txt,nondetects,2.14,2014-04-14
software.txt,npGSEA,2.14,2014-04-14
software.txt,PECA,2.14,2014-04-14
software.txt,PhenStat,2.14,2014-04-14
software.txt,QDNAseq,2.14,2014-04-14
software.txt,Rariant,2.14,2014-04-14
software.txt,Rcpi,2.14,2014-04-14
software.txt,RefNet,2.14,2014-04-14
software.txt,roar,2.14,2014-04-14
software.txt,rpx,2.14,2014-04-14
software.txt,sangerseqR,2.14,2014-04-14
software.txt,sapFinder,2.14,2014-04-14
software.txt,savR ,2.14,2014-04-14
software.txt,scsR,2.14,2014-04-14
software.txt,SomaticSignatures,2.14,2014-04-14
software.txt,Sushi,2.14,2014-04-14
software.txt,TitanCNA,2.14,2014-04-14
software.txt,trackViewer,2.14,2014-04-14
software.txt,UNDO,2.14,2014-04-14
software.txt,unifiedWMWqPCR,2.14,2014-04-14
software.txt,VariantFiltering,2.14,2014-04-14
software.txt,viper,2.14,2014-04-14
software.txt,ALDEx2,3.00,2014-10-14
software.txt,ASGSCA,3.00,2014-10-14
software.txt,ballgown,3.00,2014-10-14
software.txt,blima,3.00,2014-10-14
software.txt,BridgeDbR,3.00,2014-10-14
software.txt,CFAssay,3.00,2014-10-14
software.txt,ClassifyR,3.00,2014-10-14
software.txt,compEpiTools,3.00,2014-10-14
software.txt,CoRegNet,3.00,2014-10-14
software.txt,cosmiq,3.00,2014-10-14
software.txt,COSNet,3.00,2014-10-14
software.txt,csaw,3.00,2014-10-14
software.txt,DEGreport,3.00,2014-10-14
software.txt,derfinder,3.00,2014-10-14
software.txt,derfinderHelper,3.00,2014-10-14
software.txt,derfinderPlot,3.00,2014-10-14
software.txt,DOQTL,3.00,2014-10-14
software.txt,DupChecker,3.00,2014-10-14
software.txt,EBSeqHMM,3.00,2014-10-14
software.txt,EnrichmentBrowser,3.00,2014-10-14
software.txt,erccdashboard,3.00,2014-10-14
software.txt,facopy,3.00,2014-10-14
software.txt,FEM,3.00,2014-10-14
software.txt,flowcatchR,3.00,2014-10-14
software.txt,flowCHIC,3.00,2014-10-14
software.txt,flowClean,3.00,2014-10-14
software.txt,flowDensity,3.00,2014-10-14
software.txt,focalCall,3.00,2014-10-14
software.txt,FourCSeq,3.00,2014-10-14
software.txt,gdsfmt,3.00,2014-10-14
software.txt,geecc,3.00,2014-10-14
software.txt,GenomicInteractions,3.00,2014-10-14
software.txt,GenomicTuples,3.00,2014-10-14
software.txt,GenoView,3.00,2014-10-14
software.txt,GOexpress,3.00,2014-10-14
software.txt,GOsummaries,3.00,2014-10-14
software.txt,groHMM,3.00,2014-10-14
software.txt,GSAR,3.00,2014-10-14
software.txt,GSReg,3.00,2014-10-14
software.txt,HDTD,3.00,2014-10-14
software.txt,hiAnnotator,3.00,2014-10-14
software.txt,hiReadsProcessor,3.00,2014-10-14
software.txt,IdeoViz,3.00,2014-10-14
software.txt,IMPCdata,3.00,2014-10-14
software.txt,interactiveDisplayBase,3.00,2014-10-14
software.txt,kebabs,3.00,2014-10-14
software.txt,M3D,3.00,2014-10-14
software.txt,MAIT,3.00,2014-10-14
software.txt,MBAmethyl,3.00,2014-10-14
software.txt,MBASED,3.00,2014-10-14
software.txt,MEIGOR,3.00,2014-10-14
software.txt,Metab,3.00,2014-10-14
software.txt,metabomxtr,3.00,2014-10-14
software.txt,metagene,3.00,2014-10-14
software.txt,MethylAid,3.00,2014-10-14
software.txt,MethylMix,3.00,2014-10-14
software.txt,methylPipe,3.00,2014-10-14
software.txt,MGFM,3.00,2014-10-14
software.txt,miRNAtap,3.00,2014-10-14
software.txt,missMethyl,3.00,2014-10-14
software.txt,monocle,3.00,2014-10-14
software.txt,MoPS,3.00,2014-10-14
software.txt,MPFE,3.00,2014-10-14
software.txt,mQTL.NMR,3.00,2014-10-14
software.txt,MSGFgui,3.00,2014-10-14
software.txt,MSGFplus,3.00,2014-10-14
software.txt,MSnID,3.00,2014-10-14
software.txt,MultiMed,3.00,2014-10-14
software.txt,mvGST,3.00,2014-10-14
software.txt,mygene,3.00,2014-10-14
software.txt,netbiov,3.00,2014-10-14
software.txt,NGScopy,3.00,2014-10-14
software.txt,OncoSimulR,3.00,2014-10-14
software.txt,oposSOM,3.00,2014-10-14
software.txt,PAA,3.00,2014-10-14
software.txt,paxtoolsr,3.00,2014-10-14
software.txt,pepStat,3.00,2014-10-14
software.txt,pepXMLTab,3.00,2014-10-14
software.txt,polyester,3.00,2014-10-14
software.txt,Polyfit,3.00,2014-10-14
software.txt,proBAMr,3.00,2014-10-14
software.txt,pRolocGUI,3.00,2014-10-14
software.txt,proteoQC,3.00,2014-10-14
software.txt,PSEA,3.00,2014-10-14
software.txt,Pviz,3.00,2014-10-14
software.txt,quantro,3.00,2014-10-14
software.txt,rain,3.00,2014-10-14
software.txt,regionReport,3.00,2014-10-14
software.txt,RGSEA,3.00,2014-10-14
software.txt,riboSeqR,3.00,2014-10-14
software.txt,Rnits,3.00,2014-10-14
software.txt,Rqc,3.00,2014-10-14
software.txt,rRDP,3.00,2014-10-14
software.txt,RUVnormalize,3.00,2014-10-14
software.txt,RUVSeq,3.00,2014-10-14
software.txt,S4Vectors,3.00,2014-10-14
software.txt,SemDist,3.00,2014-10-14
software.txt,seqplots,3.00,2014-10-14
software.txt,seqTools,3.00,2014-10-14
software.txt,SGSeq,3.00,2014-10-14
software.txt,shinyMethyl,3.00,2014-10-14
software.txt,SigCheck,3.00,2014-10-14
software.txt,simulatorZ,3.00,2014-10-14
software.txt,SNPRelate,3.00,2014-10-14
software.txt,specL,3.00,2014-10-14
software.txt,ssviz,3.00,2014-10-14
software.txt,STAN,3.00,2014-10-14
software.txt,STATegRa,3.00,2014-10-14
software.txt,switchBox,3.00,2014-10-14
software.txt,systemPipeR,3.00,2014-10-14
software.txt,ToPASeq,3.00,2014-10-14
software.txt,tracktables,3.00,2014-10-14
software.txt,TSCAN,3.00,2014-10-14
software.txt,wavClusteR,3.00,2014-10-14
software.txt,AIMS,3.01,2015-04-17
software.txt,AnalysisPageServer,3.01,2015-04-17
software.txt,bamsignals,3.01,2015-04-17
software.txt,BEclear,3.01,2015-04-17
software.txt,birte,3.01,2015-04-17
software.txt,BrowserViz,3.01,2015-04-17
software.txt,BrowserVizDemo ,3.01,2015-04-17
software.txt,BubbleTree,3.01,2015-04-17
software.txt,canceR,3.01,2015-04-17
software.txt,CAnD,3.01,2015-04-17
software.txt,Cardinal,3.01,2015-04-17
software.txt,chromDraw,3.01,2015-04-17
software.txt,CODEX,3.01,2015-04-17
software.txt,cogena ,3.01,2015-04-17
software.txt,coMET,3.01,2015-04-17
software.txt,ComplexHeatmap,3.01,2015-04-17
software.txt,conumee,3.01,2015-04-17
software.txt,CopywriteR,3.01,2015-04-17
software.txt,cpvSNP,3.01,2015-04-17
software.txt,cytofkit,3.01,2015-04-17
software.txt,diffHic,3.01,2015-04-17
software.txt,diggit,3.01,2015-04-17
software.txt,DMRcaller,3.01,2015-04-17
software.txt,edge,3.01,2015-04-17
software.txt,EMDomics,3.01,2015-04-17
software.txt,ENCODExplorer,3.01,2015-04-17
software.txt,ENmix,3.01,2015-04-17
software.txt,ensembldb,3.01,2015-04-17
software.txt,FISHalyseR,3.01,2015-04-17
software.txt,FlowRepositoryR,3.01,2015-04-17
software.txt,FlowSOM,3.01,2015-04-17
software.txt,flowVS,3.01,2015-04-17
software.txt,gdsfmt ,3.01,2015-04-17
software.txt,GENESIS,3.01,2015-04-17
software.txt,genomation,3.01,2015-04-17
software.txt,gespeR,3.01,2015-04-17
software.txt,ggtree,3.01,2015-04-17
software.txt,GoogleGenomics,3.01,2015-04-17
software.txt,gQTLBase,3.01,2015-04-17
software.txt,gQTLstats,3.01,2015-04-17
software.txt,GreyListChIP,3.01,2015-04-17
software.txt,gtrellis,3.01,2015-04-17
software.txt,HIBAG,3.01,2015-04-17
software.txt,immunoClust ,3.01,2015-04-17
software.txt,InPAS,3.01,2015-04-17
software.txt,IVAS,3.01,2015-04-17
software.txt,LEA ,3.01,2015-04-17
software.txt,LowMACA,3.01,2015-04-17
software.txt,mAPKL,3.01,2015-04-17
software.txt,MatrixRider,3.01,2015-04-17
software.txt,mdgsa,3.01,2015-04-17
software.txt,MeSHSim,3.01,2015-04-17
software.txt,MethTargetedNGS,3.01,2015-04-17
software.txt,mogsa,3.01,2015-04-17
software.txt,msa,3.01,2015-04-17
software.txt,muscle,3.01,2015-04-17
software.txt,NanoStringQCPro,3.01,2015-04-17
software.txt,netbenchmark,3.01,2015-04-17
software.txt,nethet,3.01,2015-04-17
software.txt,OmicsMarkeR,3.01,2015-04-17
software.txt,pandaR,3.01,2015-04-17
software.txt,parglms,3.01,2015-04-17
software.txt,Pbase,3.01,2015-04-17
software.txt,pmm,3.01,2015-04-17
software.txt,podkat,3.01,2015-04-17
software.txt,PROPER,3.01,2015-04-17
software.txt,ProtGenerics,3.01,2015-04-17
software.txt,pwOmics,3.01,2015-04-17
software.txt,QuartPAC,3.01,2015-04-17
software.txt,R3CPET,3.01,2015-04-17
software.txt,RBM,3.01,2015-04-17
software.txt,rcellminer ,3.01,2015-04-17
software.txt,RCyjs,3.01,2015-04-17
software.txt,regioneR,3.01,2015-04-17
software.txt,rGREAT,3.01,2015-04-17
software.txt,rgsepd,3.01,2015-04-17
software.txt,Rhtslib,3.01,2015-04-17
software.txt,RNAprobR ,3.01,2015-04-17
software.txt,RnaSeqSampleSize,3.01,2015-04-17
software.txt,RnBeads,3.01,2015-04-17
software.txt,RUVcorr,3.01,2015-04-17
software.txt,saps,3.01,2015-04-17
software.txt,SELEX,3.01,2015-04-17
software.txt,seq2pathway,3.01,2015-04-17
software.txt,seqPattern,3.01,2015-04-17
software.txt,sigsquared,3.01,2015-04-17
software.txt,SIMAT,3.01,2015-04-17
software.txt,similaRpeak,3.01,2015-04-17
software.txt,sincell,3.01,2015-04-17
software.txt,skewr,3.01,2015-04-17
software.txt,soGGi,3.01,2015-04-17
software.txt,SVM2CRM,3.01,2015-04-17
software.txt,TIN,3.01,2015-04-17
software.txt,TPP,3.01,2015-04-17
software.txt,TRONCO,3.01,2015-04-17
software.txt,ABAEnrichment,3.02,2015-10-14
software.txt,acde,3.02,2015-10-14
software.txt,AnnotationHubData,3.02,2015-10-14
software.txt,BBCAnalyzer,3.02,2015-10-14
software.txt,BEAT,3.02,2015-10-14
software.txt,biobroom,3.02,2015-10-14
software.txt,biosvd,3.02,2015-10-14
software.txt,BrowserVizDemo,3.02,2015-10-14
software.txt,caOmicsV,3.02,2015-10-14
software.txt,CausalR,3.02,2015-10-14
software.txt,ChIPComp,3.02,2015-10-14
software.txt,CNPBayes,3.02,2015-10-14
software.txt,CNVPanelizer,3.02,2015-10-14
software.txt,cogena,3.02,2015-10-14
software.txt,DAPAR,3.02,2015-10-14
software.txt,DChIPRep,3.02,2015-10-14
software.txt,DeMAND,3.02,2015-10-14
software.txt,destiny,3.02,2015-10-14
software.txt,DiffLogo,3.02,2015-10-14
software.txt,DNABarcodes,3.02,2015-10-14
software.txt,dupRadar,3.02,2015-10-14
software.txt,ELBOW,3.02,2015-10-14
software.txt,ELMER,3.02,2015-10-14
software.txt,EnrichedHeatmap,3.02,2015-10-14
software.txt,erma,3.02,2015-10-14
software.txt,eudysbiome,3.02,2015-10-14
software.txt,fCI,3.02,2015-10-14
software.txt,FindMyFriends,3.02,2015-10-14
software.txt,gcatest,3.02,2015-10-14
software.txt,GeneBreak,3.02,2015-10-14
software.txt,GenomeInfoDb,3.02,2015-10-14
software.txt,genotypeeval,3.02,2015-10-14
software.txt,GEOsearch,3.02,2015-10-14
software.txt,GUIDEseq,3.02,2015-10-14
software.txt,Guitar,3.02,2015-10-14
software.txt,hierGWAS,3.02,2015-10-14
software.txt,HilbertCurve,3.02,2015-10-14
software.txt,iCheck,3.02,2015-10-14
software.txt,iGC,3.02,2015-10-14
software.txt,Imetagene,3.02,2015-10-14
software.txt,immunoClust,3.02,2015-10-14
software.txt,INSPEcT,3.02,2015-10-14
software.txt,IONiseR,3.02,2015-10-14
software.txt,ldblock,3.02,2015-10-14
software.txt,LEA,3.02,2015-10-14
software.txt,LedPred,3.02,2015-10-14
software.txt,lfa,3.02,2015-10-14
software.txt,LOLA,3.02,2015-10-14
software.txt,MEAL,3.02,2015-10-14
software.txt,metagenomeFeatures,3.02,2015-10-14
software.txt,metaX,3.02,2015-10-14
software.txt,miRcomp,3.02,2015-10-14
software.txt,mirIntegrator,3.02,2015-10-14
software.txt,miRLAB,3.02,2015-10-14
software.txt,motifbreakR,3.02,2015-10-14
software.txt,myvariant,3.02,2015-10-14
software.txt,NanoStringDiff,3.02,2015-10-14
software.txt,OGSA,3.02,2015-10-14
software.txt,OperaMate,3.02,2015-10-14
software.txt,Oscope,3.02,2015-10-14
software.txt,Path2PPI,3.02,2015-10-14
software.txt,pathVar,3.02,2015-10-14
software.txt,PGA,3.02,2015-10-14
software.txt,Prize,3.02,2015-10-14
software.txt,Prostar,3.02,2015-10-14
software.txt,ProteomicsAnnotationHubData,3.02,2015-10-14
software.txt,RareVariantVis,3.02,2015-10-14
software.txt,rcellminer,3.02,2015-10-14
software.txt,rCGH,3.02,2015-10-14
software.txt,RCy3,3.02,2015-10-14
software.txt,RiboProfiling,3.02,2015-10-14
software.txt,RNAprobR,3.02,2015-10-14
software.txt,rnaseqcomp,3.02,2015-10-14
software.txt,ropls,3.02,2015-10-14
software.txt,RTCGA,3.02,2015-10-14
software.txt,RTCGAToolbox,3.02,2015-10-14
software.txt,savR,3.02,2015-10-14
software.txt,sbgr,3.02,2015-10-14
software.txt,SEPA,3.02,2015-10-14
software.txt,SICtools,3.02,2015-10-14
software.txt,SISPA,3.02,2015-10-14
software.txt,SNPhood,3.02,2015-10-14
software.txt,spade,3.02,2015-10-14
software.txt,subSeq,3.02,2015-10-14
software.txt,SummarizedExperiment,3.02,2015-10-14
software.txt,SWATH2stats,3.02,2015-10-14
software.txt,synlet,3.02,2015-10-14
software.txt,TarSeqQC,3.02,2015-10-14
software.txt,TCGAbiolinks,3.02,2015-10-14
software.txt,traseR,3.02,2015-10-14
software.txt,variancePartition,3.02,2015-10-14
software.txt,VariantTools,3.02,2015-10-14
software.txt,XBSeq,3.02,2015-10-14
software.txt,AneuFinder,3.03,2016-05-04
software.txt,bacon,3.03,2016-05-04
software.txt,BadRegionFinder,3.03,2016-05-04
software.txt,BasicSTARRseq,3.03,2016-05-04
software.txt,BatchQC,3.03,2016-05-04
software.txt,BgeeDB,3.03,2016-05-04
software.txt,biomformat,3.03,2016-05-04
software.txt,BioQC,3.03,2016-05-04
software.txt,biosigner,3.03,2016-05-04
software.txt,cellity,3.03,2016-05-04
software.txt,cellTree,3.03,2016-05-04
software.txt,Chicago,3.03,2016-05-04
software.txt,chromPlot,3.03,2016-05-04
software.txt,CHRONOS,3.03,2016-05-04
software.txt,CINdex,3.03,2016-05-04
software.txt,clustComp,3.03,2016-05-04
software.txt,ClusterSignificance,3.03,2016-05-04
software.txt,CONFESS,3.03,2016-05-04
software.txt,consensusSeekeR,3.03,2016-05-04
software.txt,contiBAIT,3.03,2016-05-04
software.txt,CountClust,3.03,2016-05-04
software.txt,CrispRVariants,3.03,2016-05-04
software.txt,dada2,3.03,2016-05-04
software.txt,dcGSA,3.03,2016-05-04
software.txt,debrowser,3.03,2016-05-04
software.txt,DEFormats,3.03,2016-05-04
software.txt,diffloop,3.03,2016-05-04
software.txt,DNAshapeR,3.03,2016-05-04
software.txt,doppelgangR,3.03,2016-05-04
software.txt,DRIMSeq,3.03,2016-05-04
software.txt,EBSEA,3.03,2016-05-04
software.txt,EGAD,3.03,2016-05-04
software.txt,EGSEA,3.03,2016-05-04
software.txt,EmpiricalBrownsMethod,3.03,2016-05-04
software.txt,epivizrData,3.03,2016-05-04
software.txt,epivizrServer,3.03,2016-05-04
software.txt,epivizrStandalone,3.03,2016-05-04
software.txt,EWCE,3.03,2016-05-04
software.txt,ExpressionAtlas,3.03,2016-05-04
software.txt,FamAgg,3.03,2016-05-04
software.txt,flowAI,3.03,2016-05-04
software.txt,garfield,3.03,2016-05-04
software.txt,genbankr,3.03,2016-05-04
software.txt,GenoGAM,3.03,2016-05-04
software.txt,genphen,3.03,2016-05-04
software.txt,GenRank,3.03,2016-05-04
software.txt,GenVisR,3.03,2016-05-04
software.txt,ggcyto,3.03,2016-05-04
software.txt,Glimma,3.03,2016-05-04
software.txt,globalSeq,3.03,2016-05-04
software.txt,GMRP,3.03,2016-05-04
software.txt,GSALightning,3.03,2016-05-04
software.txt,Harman,3.03,2016-05-04
software.txt,HDF5Array,3.03,2016-05-04
software.txt,iCARE,3.03,2016-05-04
software.txt,iCOBRA,3.03,2016-05-04
software.txt,IHW,3.03,2016-05-04
software.txt,ImmuneSpaceR,3.03,2016-05-04
software.txt,InteractionSet,3.03,2016-05-04
software.txt,ISoLDE,3.03,2016-05-04
software.txt,isomiRs,3.03,2016-05-04
software.txt,JunctionSeq,3.03,2016-05-04
software.txt,kimod,3.03,2016-05-04
software.txt,Linnorm,3.03,2016-05-04
software.txt,lpsymphony,3.03,2016-05-04
software.txt,LymphoSeq,3.03,2016-05-04
software.txt,MBttest,3.03,2016-05-04
software.txt,Mergeomics,3.03,2016-05-04
software.txt,metaCCA,3.03,2016-05-04
software.txt,MethPed,3.03,2016-05-04
software.txt,miRNAmeConverter,3.03,2016-05-04
software.txt,MMDiff2,3.03,2016-05-04
software.txt,multiClust,3.03,2016-05-04
software.txt,MultiDataSet,3.03,2016-05-04
software.txt,normalize450K,3.03,2016-05-04
software.txt,nucleoSim,3.03,2016-05-04
software.txt,odseq,3.03,2016-05-04
software.txt,OncoScore,3.03,2016-05-04
software.txt,oppar,3.03,2016-05-04
software.txt,PanVizGenerator,3.03,2016-05-04
software.txt,pbcmc,3.03,2016-05-04
software.txt,pcaExplorer,3.03,2016-05-04
software.txt,PCAN,3.03,2016-05-04
software.txt,pqsfinder,3.03,2016-05-04
software.txt,profileScoreDist,3.03,2016-05-04
software.txt,psygenet2r,3.03,2016-05-04
software.txt,PureCN,3.03,2016-05-04
software.txt,QuaternaryProd,3.03,2016-05-04
software.txt,QUBIC,3.03,2016-05-04
software.txt,R4RNA,3.03,2016-05-04
software.txt,recoup,3.03,2016-05-04
software.txt,RGraph2js,3.03,2016-05-04
software.txt,RImmPort,3.03,2016-05-04
software.txt,ROTS,3.03,2016-05-04
software.txt,SC3,3.03,2016-05-04
software.txt,scater,3.03,2016-05-04
software.txt,scde,3.03,2016-05-04
software.txt,scran,3.03,2016-05-04
software.txt,sevenbridges,3.03,2016-05-04
software.txt,SMITE,3.03,2016-05-04
software.txt,SpidermiR,3.03,2016-05-04
software.txt,splineTimeR,3.03,2016-05-04
software.txt,sscu,3.03,2016-05-04
software.txt,SwathXtend,3.03,2016-05-04
software.txt,tofsims,3.03,2016-05-04
software.txt,transcriptR,3.03,2016-05-04
software.txt,tximport,3.03,2016-05-04
software.txt,Uniquorn,3.03,2016-05-04
software.txt,alpine,3.04,2016-10-18
software.txt,AMOUNTAIN,3.04,2016-10-18
software.txt,anamiR,3.04,2016-10-18
software.txt,Anaquin,3.04,2016-10-18
software.txt,annotatr,3.04,2016-10-18
software.txt,ASAFE,3.04,2016-10-18
software.txt,ASpli,3.04,2016-10-18
software.txt,BaalChIP,3.04,2016-10-18
software.txt,BayesKnockdown,3.04,2016-10-18
software.txt,bigmelon,3.04,2016-10-18
software.txt,bioCancer,3.04,2016-10-18
software.txt,BiocWorkflowTools,3.04,2016-10-18
software.txt,BPRMeth,3.04,2016-10-18
software.txt,CancerInSilico,3.04,2016-10-18
software.txt,CancerSubtypes,3.04,2016-10-18
software.txt,ccmap,3.04,2016-10-18
software.txt,CCPROMISE,3.04,2016-10-18
software.txt,CellMapper,3.04,2016-10-18
software.txt,chromstaR,3.04,2016-10-18
software.txt,clusterExperiment,3.04,2016-10-18
software.txt,covEB,3.04,2016-10-18
software.txt,covRNA,3.04,2016-10-18
software.txt,crisprseekplus,3.04,2016-10-18
software.txt,crossmeta,3.04,2016-10-18
software.txt,ctsGE,3.04,2016-10-18
software.txt,CVE,3.04,2016-10-18
software.txt,CytoML,3.04,2016-10-18
software.txt,DeepBlueR,3.04,2016-10-18
software.txt,DEsubs,3.04,2016-10-18
software.txt,Director,3.04,2016-10-18
software.txt,dSimer,3.04,2016-10-18
software.txt,eegc,3.04,2016-10-18
software.txt,esetVis,3.04,2016-10-18
software.txt,ExperimentHub,3.04,2016-10-18
software.txt,ExperimentHubData,3.04,2016-10-18
software.txt,fCCAC,3.04,2016-10-18
software.txt,fgsea,3.04,2016-10-18
software.txt,FitHiC,3.04,2016-10-18
software.txt,flowPloidy,3.04,2016-10-18
software.txt,FunChIP,3.04,2016-10-18
software.txt,GAprediction,3.04,2016-10-18
software.txt,gCrisprTools,3.04,2016-10-18
software.txt,GEM,3.04,2016-10-18
software.txt,geneAttribution,3.04,2016-10-18
software.txt,GeneGeneInteR,3.04,2016-10-18
software.txt,geneplast,3.04,2016-10-18
software.txt,geneXtendeR,3.04,2016-10-18
software.txt,GOpro,3.04,2016-10-18
software.txt,GRmetrics,3.04,2016-10-18
software.txt,HelloRanges,3.04,2016-10-18
software.txt,ImpulseDE,3.04,2016-10-18
software.txt,IPO,3.04,2016-10-18
software.txt,KEGGlincs,3.04,2016-10-18
software.txt,LINC,3.04,2016-10-18
software.txt,LOBSTAHS,3.04,2016-10-18
software.txt,M3Drop,3.04,2016-10-18
software.txt,MADSEQ,3.04,2016-10-18
software.txt,maftools,3.04,2016-10-18
software.txt,MAST,3.04,2016-10-18
software.txt,matter,3.04,2016-10-18
software.txt,meshes,3.04,2016-10-18
software.txt,MetaboSignal,3.04,2016-10-18
software.txt,MetCirc,3.04,2016-10-18
software.txt,methylKit,3.04,2016-10-18
software.txt,MGFR,3.04,2016-10-18
software.txt,MODA,3.04,2016-10-18
software.txt,MoonlightR,3.04,2016-10-18
software.txt,msPurity,3.04,2016-10-18
software.txt,MultiAssayExperiment,3.04,2016-10-18
software.txt,MutationalPatterns,3.04,2016-10-18
software.txt,netprioR,3.04,2016-10-18
software.txt,normr,3.04,2016-10-18
software.txt,PathoStat,3.04,2016-10-18
software.txt,PharmacoGx,3.04,2016-10-18
software.txt,philr,3.04,2016-10-18
software.txt,Pi,3.04,2016-10-18
software.txt,Pigengene,3.04,2016-10-18
software.txt,proFIA,3.04,2016-10-18
software.txt,psichomics,3.04,2016-10-18
software.txt,qsea,3.04,2016-10-18
software.txt,RCAS,3.04,2016-10-18
software.txt,rDGIdb,3.04,2016-10-18
software.txt,readat,3.04,2016-10-18
software.txt,recount,3.04,2016-10-18
software.txt,regsplice,3.04,2016-10-18
software.txt,sights,3.04,2016-10-18
software.txt,signeR,3.04,2016-10-18
software.txt,SIMLR,3.04,2016-10-18
software.txt,SNPediaR,3.04,2016-10-18
software.txt,SPLINTER,3.04,2016-10-18
software.txt,SRGnet,3.04,2016-10-18
software.txt,StarBioTrek,3.04,2016-10-18
software.txt,statTarget,3.04,2016-10-18
software.txt,SVAPLSseq,3.04,2016-10-18
software.txt,switchde,3.04,2016-10-18
software.txt,synergyfinder,3.04,2016-10-18
software.txt,TVTB,3.04,2016-10-18
software.txt,uSORT,3.04,2016-10-18
software.txt,yamss,3.04,2016-10-18
software.txt,YAPSA,3.04,2016-10-18
software.txt,yarn,3.04,2016-10-18
software.txt,AnnotationFilter,3.05,2017-04-25
software.txt,ATACseqQC,3.05,2017-04-25
software.txt,banocc,3.05,2017-04-25
software.txt,basecallQC,3.05,2017-04-25
software.txt,BiocFileCache,3.05,2017-04-25
software.txt,BioCor,3.05,2017-04-25
software.txt,BioMedR,3.05,2017-04-25
software.txt,biotmle,3.05,2017-04-25
software.txt,BLMA,3.05,2017-04-25
software.txt,branchpointer,3.05,2017-04-25
software.txt,BUMHMM,3.05,2017-04-25
software.txt,CATALYST,3.05,2017-04-25
software.txt,cellbaseR,3.05,2017-04-25
software.txt,cellscape,3.05,2017-04-25
software.txt,chimeraviz,3.05,2017-04-25
software.txt,ChIPexoQual,3.05,2017-04-25
software.txt,clusterSeq,3.05,2017-04-25
software.txt,coseq,3.05,2017-04-25
software.txt,cydar,3.05,2017-04-25
software.txt,DaMiRseq,3.05,2017-04-25
software.txt,DelayedArray,3.05,2017-04-25
software.txt,discordant,3.05,2017-04-25
software.txt,DMRScan,3.05,2017-04-25
software.txt,epiNEM,3.05,2017-04-25
software.txt,EventPointer,3.05,2017-04-25
software.txt,flowTime,3.05,2017-04-25
software.txt,funtooNorm,3.05,2017-04-25
software.txt,GA4GHclient,3.05,2017-04-25
software.txt,gcapc,3.05,2017-04-25
software.txt,geneClassifiers,3.05,2017-04-25
software.txt,GenomicDataCommons,3.05,2017-04-25
software.txt,GenomicScores,3.05,2017-04-25
software.txt,GISPA,3.05,2017-04-25
software.txt,goSTAG,3.05,2017-04-25
software.txt,GRridge,3.05,2017-04-25
software.txt,heatmaps,3.05,2017-04-25
software.txt,hicrep,3.05,2017-04-25
software.txt,ideal,3.05,2017-04-25
software.txt,IMAS,3.05,2017-04-25
software.txt,ImpulseDE2,3.05,2017-04-25
software.txt,IntEREst,3.05,2017-04-25
software.txt,IWTomics,3.05,2017-04-25
software.txt,karyoploteR,3.05,2017-04-25
software.txt,Logolas,3.05,2017-04-25
software.txt,mapscape,3.05,2017-04-25
software.txt,MaxContrastProjection,3.05,2017-04-25
software.txt,MCbiclust,3.05,2017-04-25
software.txt,metavizr,3.05,2017-04-25
software.txt,methylInheritance,3.05,2017-04-25
software.txt,MIGSA,3.05,2017-04-25
software.txt,mimager,3.05,2017-04-25
software.txt,motifcounter,3.05,2017-04-25
software.txt,msgbsR,3.05,2017-04-25
software.txt,multiOmicsViz,3.05,2017-04-25
software.txt,MWASTools,3.05,2017-04-25
software.txt,NADfinder,3.05,2017-04-25
software.txt,netReg,3.05,2017-04-25
software.txt,Organism.dplyr,3.05,2017-04-25
software.txt,pathprint,3.05,2017-04-25
software.txt,pgca,3.05,2017-04-25
software.txt,phosphonormalizer,3.05,2017-04-25
software.txt,POST,3.05,2017-04-25
software.txt,PPInfer,3.05,2017-04-25
software.txt,RaggedExperiment,3.05,2017-04-25
software.txt,ramwas,3.05,2017-04-25
software.txt,REMP,3.05,2017-04-25
software.txt,RITAN,3.05,2017-04-25
software.txt,RIVER,3.05,2017-04-25
software.txt,RJMCMCNucleosomes,3.05,2017-04-25
software.txt,rqt,3.05,2017-04-25
software.txt,RTNduals,3.05,2017-04-25
software.txt,samExploreR,3.05,2017-04-25
software.txt,sampleClassifier,3.05,2017-04-25
software.txt,scDD,3.05,2017-04-25
software.txt,scone,3.05,2017-04-25
software.txt,semisup,3.05,2017-04-25
software.txt,sparseDOSSA,3.05,2017-04-25
software.txt,splatter,3.05,2017-04-25
software.txt,STROMA4,3.05,2017-04-25
software.txt,swfdr,3.05,2017-04-25
software.txt,TCGAbiolinksGUI,3.05,2017-04-25
software.txt,TCseq,3.05,2017-04-25
software.txt,timescape,3.05,2017-04-25
software.txt,treeio,3.05,2017-04-25
software.txt,TSRchitect,3.05,2017-04-25
software.txt,twoddpcr,3.05,2017-04-25
software.txt,wiggleplotr,3.05,2017-04-25
software.txt,amplican,3.06,2017-10-31
software.txt,ANF,3.06,2017-10-31
software.txt,anota2seq,3.06,2017-10-31
software.txt,apeglm,3.06,2017-10-31
software.txt,AUCell,3.06,2017-10-31
software.txt,BASiCS,3.06,2017-10-31
software.txt,beachmat,3.06,2017-10-31
software.txt,BiocSklearn,3.06,2017-10-31
software.txt,bnbc,3.06,2017-10-31
software.txt,cbaf,3.06,2017-10-31
software.txt,CEMiTool,3.06,2017-10-31
software.txt,ChIPanalyser,3.06,2017-10-31
software.txt,chromswitch,3.06,2017-10-31
software.txt,chromVAR,3.06,2017-10-31
software.txt,ClusterJudge,3.06,2017-10-31
software.txt,coexnet,3.06,2017-10-31
software.txt,consensusOV,3.06,2017-10-31
software.txt,cytolib,3.06,2017-10-31
software.txt,DASC,3.06,2017-10-31
software.txt,DelayedMatrixStats,3.06,2017-10-31
software.txt,DEP,3.06,2017-10-31
software.txt,diffuStats,3.06,2017-10-31
software.txt,DMCHMM,3.06,2017-10-31
software.txt,Doscheda,3.06,2017-10-31
software.txt,EpiDISH,3.06,2017-10-31
software.txt,epivizrChart,3.06,2017-10-31
software.txt,esATAC,3.06,2017-10-31
software.txt,GA4GHshiny,3.06,2017-10-31
software.txt,GENIE3,3.06,2017-10-31
software.txt,HiCcompare,3.06,2017-10-31
software.txt,InterMineR,3.06,2017-10-31
software.txt,IntramiRExploreR,3.06,2017-10-31
software.txt,IrisSpatialFeatures,3.06,2017-10-31
software.txt,IsoformSwitchAnalyzeR,3.06,2017-10-31
software.txt,iterClust,3.06,2017-10-31
software.txt,ivygapSE,3.06,2017-10-31
software.txt,M3C,3.06,2017-10-31
software.txt,MetaCyto,3.06,2017-10-31
software.txt,methimpute,3.06,2017-10-31
software.txt,methInheritSim,3.06,2017-10-31
software.txt,methyvim,3.06,2017-10-31
software.txt,mfa,3.06,2017-10-31
software.txt,microbiome,3.06,2017-10-31
software.txt,MIRA,3.06,2017-10-31
software.txt,miRBaseConverter,3.06,2017-10-31
software.txt,miRmine,3.06,2017-10-31
software.txt,miRsponge,3.06,2017-10-31
software.txt,motifmatchr,3.06,2017-10-31
software.txt,mpra,3.06,2017-10-31
software.txt,MSstatsQC,3.06,2017-10-31
software.txt,multiMiR,3.06,2017-10-31
software.txt,ndexr,3.06,2017-10-31
software.txt,omicRexposome,3.06,2017-10-31
software.txt,Onassis,3.06,2017-10-31
software.txt,oncomix,3.06,2017-10-31
software.txt,oneSENSE,3.06,2017-10-31
software.txt,ontoProc,3.06,2017-10-31
software.txt,openPrimeR,3.06,2017-10-31
software.txt,openPrimeRui,3.06,2017-10-31
software.txt,OPWeight,3.06,2017-10-31
software.txt,panelcn.mops,3.06,2017-10-31
software.txt,PathwaySplice,3.06,2017-10-31
software.txt,pcxn,3.06,2017-10-31
software.txt,phenopath,3.06,2017-10-31
software.txt,progeny,3.06,2017-10-31
software.txt,PROPS,3.06,2017-10-31
software.txt,Rbowtie2,3.06,2017-10-31
software.txt,restfulSE,3.06,2017-10-31
software.txt,rexposome,3.06,2017-10-31
software.txt,rhdf5client,3.06,2017-10-31
software.txt,Rhdf5lib,3.06,2017-10-31
software.txt,RProtoBufLib,3.06,2017-10-31
software.txt,RTNsurvival,3.06,2017-10-31
software.txt,runibic,3.06,2017-10-31
software.txt,RVS,3.06,2017-10-31
software.txt,Scale4C,3.06,2017-10-31
software.txt,scfind,3.06,2017-10-31
software.txt,scmap,3.06,2017-10-31
software.txt,SCnorm,3.06,2017-10-31
software.txt,scoreInvHap,3.06,2017-10-31
software.txt,scPipe,3.06,2017-10-31
software.txt,seqCAT,3.06,2017-10-31
software.txt,seqcombo,3.06,2017-10-31
software.txt,SeqSQC,3.06,2017-10-31
software.txt,SingleCellExperiment,3.06,2017-10-31
software.txt,slalom,3.06,2017-10-31
software.txt,SPONGE,3.06,2017-10-31
software.txt,stageR,3.06,2017-10-31
software.txt,tenXplore,3.06,2017-10-31
software.txt,TFARM,3.06,2017-10-31
software.txt,TFHAZ,3.06,2017-10-31
software.txt,TMixClust,3.06,2017-10-31
software.txt,TnT,3.06,2017-10-31
software.txt,topdownr,3.06,2017-10-31
software.txt,transcriptogramer,3.06,2017-10-31
software.txt,trena,3.06,2017-10-31
software.txt,vulcan,3.06,2017-10-31
software.txt,zFPKM,3.06,2017-10-31
software.txt,zinbwave,3.06,2017-10-31
software.txt,adaptest,3.07,2018-05-01
software.txt,ASICS,3.07,2018-05-01
software.txt,bcSeq,3.07,2018-05-01
software.txt,BEARscc,3.07,2018-05-01
software.txt,BiFET,3.07,2018-05-01
software.txt,BiocOncoTK,3.07,2018-05-01
software.txt,BiocVersion,3.07,2018-05-01
software.txt,BioNetStat,3.07,2018-05-01
software.txt,CAGEfightR,3.07,2018-05-01
software.txt,ccfindR,3.07,2018-05-01
software.txt,CellScore,3.07,2018-05-01
software.txt,CHARGE,3.07,2018-05-01
software.txt,ChIC,3.07,2018-05-01
software.txt,ChIPSeqSpike,3.07,2018-05-01
software.txt,CTDquerier,3.07,2018-05-01
software.txt,CytoDx,3.07,2018-05-01
software.txt,ddPCRclust,3.07,2018-05-01
software.txt,DEComplexDisease,3.07,2018-05-01
software.txt,decontam,3.07,2018-05-01
software.txt,DEScan2,3.07,2018-05-01
software.txt,DEsingle,3.07,2018-05-01
software.txt,diffcoexp,3.07,2018-05-01
software.txt,diffcyt,3.07,2018-05-01
software.txt,dmrseq,3.07,2018-05-01
software.txt,DominoEffect,3.07,2018-05-01
software.txt,drawProteins,3.07,2018-05-01
software.txt,DropletUtils,3.07,2018-05-01
software.txt,enrichplot,3.07,2018-05-01
software.txt,FELLA,3.07,2018-05-01
software.txt,GARS,3.07,2018-05-01
software.txt,GateFinder,3.07,2018-05-01
software.txt,GDCRNATools,3.07,2018-05-01
software.txt,GDSArray,3.07,2018-05-01
software.txt,GeneStructureTools,3.07,2018-05-01
software.txt,gep2pep,3.07,2018-05-01
software.txt,GOfuncR,3.07,2018-05-01
software.txt,GSEABenchmarkeR,3.07,2018-05-01
software.txt,gsean,3.07,2018-05-01
software.txt,hipathia,3.07,2018-05-01
software.txt,hmdbQuery,3.07,2018-05-01
software.txt,iCNV,3.07,2018-05-01
software.txt,igvR,3.07,2018-05-01
software.txt,IMMAN,3.07,2018-05-01
software.txt,InTAD,3.07,2018-05-01
software.txt,iSEE,3.07,2018-05-01
software.txt,iteremoval,3.07,2018-05-01
software.txt,kissDE,3.07,2018-05-01
software.txt,LineagePulse,3.07,2018-05-01
software.txt,loci2path,3.07,2018-05-01
software.txt,MACPET,3.07,2018-05-01
software.txt,MAGeCKFlute,3.07,2018-05-01
software.txt,martini,3.07,2018-05-01
software.txt,mCSEA,3.07,2018-05-01
software.txt,mdp,3.07,2018-05-01
software.txt,MDTS,3.07,2018-05-01
software.txt,MetaNeighbor,3.07,2018-05-01
software.txt,missRows,3.07,2018-05-01
software.txt,MSstatsQCgui,3.07,2018-05-01
software.txt,netSmooth,3.07,2018-05-01
software.txt,OmaDB,3.07,2018-05-01
software.txt,omicplotR,3.07,2018-05-01
software.txt,omicsPrint,3.07,2018-05-01
software.txt,ORFik,3.07,2018-05-01
software.txt,perturbatr,3.07,2018-05-01
software.txt,phantasus,3.07,2018-05-01
software.txt,plyranges,3.07,2018-05-01
software.txt,pogos,3.07,2018-05-01
software.txt,PowerExplorer,3.07,2018-05-01
software.txt,powerTCR,3.07,2018-05-01
software.txt,RandomWalkRestartMH,3.07,2018-05-01
software.txt,RcisTarget,3.07,2018-05-01
software.txt,Rgin,3.07,2018-05-01
software.txt,RGMQL,3.07,2018-05-01
software.txt,RNAdecay,3.07,2018-05-01
software.txt,RSeqAn,3.07,2018-05-01
software.txt,rWikiPathways,3.07,2018-05-01
software.txt,scFeatureFilter,3.07,2018-05-01
software.txt,scmeth,3.07,2018-05-01
software.txt,Sconify,3.07,2018-05-01
software.txt,SDAMS,3.07,2018-05-01
software.txt,SEPIRA,3.07,2018-05-01
software.txt,seqsetvis,3.07,2018-05-01
software.txt,sevenC,3.07,2018-05-01
software.txt,SIAMCAT,3.07,2018-05-01
software.txt,signet,3.07,2018-05-01
software.txt,singleCellTK,3.07,2018-05-01
software.txt,singscore,3.07,2018-05-01
software.txt,SparseSignatures,3.07,2018-05-01
software.txt,srnadiff,3.07,2018-05-01
software.txt,SummarizedBenchmark,3.07,2018-05-01
software.txt,TCGAutils,3.07,2018-05-01
software.txt,TFEA.ChIP,3.07,2018-05-01
software.txt,TFutils,3.07,2018-05-01
software.txt,TissueEnrich,3.07,2018-05-01
software.txt,Trendy,3.07,2018-05-01
software.txt,tRNAscanImport,3.07,2018-05-01
software.txt,TTMap,3.07,2018-05-01
software.txt,TxRegInfra,3.07,2018-05-01
software.txt,vidger,3.07,2018-05-01
software.txt,abseqR,3.08,2018-10-31
software.txt,ACE,3.08,2018-10-31
software.txt,AffiXcan,3.08,2018-10-31
software.txt,appreci8R,3.08,2018-10-31
software.txt,artMS,3.08,2018-10-31
software.txt,AssessORF,3.08,2018-10-31
software.txt,bayNorm,3.08,2018-10-31
software.txt,BDMMAcorrect,3.08,2018-10-31
software.txt,BiocNeighbors,3.08,2018-10-31
software.txt,BiocPkgTools,3.08,2018-10-31
software.txt,brainImageR,3.08,2018-10-31
software.txt,breakpointR,3.08,2018-10-31
software.txt,BUScorrect,3.08,2018-10-31
software.txt,CAMTHC,3.08,2018-10-31
software.txt,celaref,3.08,2018-10-31
software.txt,CellTrails,3.08,2018-10-31
software.txt,cicero,3.08,2018-10-31
software.txt,COCOA,3.08,2018-10-31
software.txt,compartmap,3.08,2018-10-31
software.txt,condcomp,3.08,2018-10-31
software.txt,consensus,3.08,2018-10-31
software.txt,consensusDE,3.08,2018-10-31
software.txt,coRdon,3.08,2018-10-31
software.txt,countsimQC,3.08,2018-10-31
software.txt,cTRAP,3.08,2018-10-31
software.txt,DEqMS,3.08,2018-10-31
software.txt,EnhancedVolcano,3.08,2018-10-31
software.txt,ERSSA,3.08,2018-10-31
software.txt,ExCluster,3.08,2018-10-31
software.txt,FastqCleaner,3.08,2018-10-31
software.txt,FCBF,3.08,2018-10-31
software.txt,FoldGO,3.08,2018-10-31
software.txt,GeneAccord,3.08,2018-10-31
software.txt,GIGSEA,3.08,2018-10-31
software.txt,glmSparseNet,3.08,2018-10-31
software.txt,gpart,3.08,2018-10-31
software.txt,gwasurvivr,3.08,2018-10-31
software.txt,HiCBricks,3.08,2018-10-31
software.txt,hierinf,3.08,2018-10-31
software.txt,HIREewas,3.08,2018-10-31
software.txt,HPAanalyze,3.08,2018-10-31
software.txt,iasva,3.08,2018-10-31
software.txt,icetea,3.08,2018-10-31
software.txt,INDEED,3.08,2018-10-31
software.txt,ipdDb,3.08,2018-10-31
software.txt,IsoCorrectoR,3.08,2018-10-31
software.txt,KinSwingR,3.08,2018-10-31
software.txt,levi,3.08,2018-10-31
software.txt,LoomExperiment,3.08,2018-10-31
software.txt,LRBaseDbi,3.08,2018-10-31
software.txt,maser,3.08,2018-10-31
software.txt,methylGSA,3.08,2018-10-31
software.txt,MetID,3.08,2018-10-31
software.txt,MetNet,3.08,2018-10-31
software.txt,miRSM,3.08,2018-10-31
software.txt,mixOmics,3.08,2018-10-31
software.txt,mlm4omics,3.08,2018-10-31
software.txt,MPRAnalyze,3.08,2018-10-31
software.txt,MSstatsTMT,3.08,2018-10-31
software.txt,MTseeker,3.08,2018-10-31
software.txt,multiHiCcompare,3.08,2018-10-31
software.txt,NBSplice,3.08,2018-10-31
software.txt,NeighborNet,3.08,2018-10-31
software.txt,NormalyzerDE,3.08,2018-10-31
software.txt,nuCpos,3.08,2018-10-31
software.txt,OMICsPCA,3.08,2018-10-31
software.txt,onlineFDR,3.08,2018-10-31
software.txt,OUTRIDER,3.08,2018-10-31
software.txt,PepsNMR,3.08,2018-10-31
software.txt,plotGrouper,3.08,2018-10-31
software.txt,primirTSS,3.08,2018-10-31
software.txt,ProteoMM,3.08,2018-10-31
software.txt,qPLEXanalyzer,3.08,2018-10-31
software.txt,QSutils,3.08,2018-10-31
software.txt,REBET,3.08,2018-10-31
software.txt,Rmmquant,3.08,2018-10-31
software.txt,RNASeqR,3.08,2018-10-31
software.txt,SCBN,3.08,2018-10-31
software.txt,scruff,3.08,2018-10-31
software.txt,sesame,3.08,2018-10-31
software.txt,sigFeature,3.08,2018-10-31
software.txt,SIMD,3.08,2018-10-31
software.txt,slingshot,3.08,2018-10-31
software.txt,slinky,3.08,2018-10-31
software.txt,sparsenetgls,3.08,2018-10-31
software.txt,strandCheckR,3.08,2018-10-31
software.txt,TimeSeriesExperiment,3.08,2018-10-31
software.txt,transite,3.08,2018-10-31
software.txt,tRNA,3.08,2018-10-31
software.txt,tRNAdbImport,3.08,2018-10-31
software.txt,tximeta,3.08,2018-10-31
software.txt,Ularcirc,3.08,2018-10-31
software.txt,universalmotif,3.08,2018-10-31
software.txt,Wrench,3.08,2018-10-31
software.txt,XINA,3.08,2018-10-31
software.txt,ADAM,3.09,2019-05-03
software.txt,ADAMgui,3.09,2019-05-03
software.txt,adductomicsR,3.09,2019-05-03
software.txt,alevinQC,3.09,2019-05-03
software.txt,AMARETTO,3.09,2019-05-03
software.txt,animalcules,3.09,2019-05-03
software.txt,atSNP,3.09,2019-05-03
software.txt,BANDITS,3.09,2019-05-03
software.txt,batchelor,3.09,2019-05-03
software.txt,bigPint,3.09,2019-05-03
software.txt,BiocSingular,3.09,2019-05-03
software.txt,BioMM,3.09,2019-05-03
software.txt,celda,3.09,2019-05-03
software.txt,CellBench,3.09,2019-05-03
software.txt,CellMixS,3.09,2019-05-03
software.txt,CHETAH,3.09,2019-05-03
software.txt,CluMSID,3.09,2019-05-03
software.txt,CNVRanger,3.09,2019-05-03
software.txt,cola,3.09,2019-05-03
software.txt,CopyNumberPlots,3.09,2019-05-03
software.txt,CoRegFlux,3.09,2019-05-03
software.txt,cytofast,3.09,2019-05-03
software.txt,dcanr,3.09,2019-05-03
software.txt,deco,3.09,2019-05-03
software.txt,decompTumor2Sig,3.09,2019-05-03
software.txt,DelayedDataFrame,3.09,2019-05-03
software.txt,DeMixT,3.09,2019-05-03
software.txt,DepecheR,3.09,2019-05-03
software.txt,DiscoRhythm,3.09,2019-05-03
software.txt,divergence,3.09,2019-05-03
software.txt,DNABarcodeCompatibility,3.09,2019-05-03
software.txt,doseR,3.09,2019-05-03
software.txt,enrichTF,3.09,2019-05-03
software.txt,epihet,3.09,2019-05-03
software.txt,evaluomeR,3.09,2019-05-03
software.txt,fishpond,3.09,2019-05-03
software.txt,GAPGOM,3.09,2019-05-03
software.txt,GladiaTOX,3.09,2019-05-03
software.txt,GNET2,3.09,2019-05-03
software.txt,gpuMagic,3.09,2019-05-03
software.txt,graper,3.09,2019-05-03
software.txt,HCABrowser,3.09,2019-05-03
software.txt,HumanTranscriptomeCompendium,3.09,2019-05-03
software.txt,hypeR,3.09,2019-05-03
software.txt,infercnv,3.09,2019-05-03
software.txt,IsoCorrectoRGUI,3.09,2019-05-03
software.txt,lipidr,3.09,2019-05-03
software.txt,mbkmeans,3.09,2019-05-03
software.txt,Melissa,3.09,2019-05-03
software.txt,metagene2,3.09,2019-05-03
software.txt,miRspongeR,3.09,2019-05-03
software.txt,mnem,3.09,2019-05-03
software.txt,Modstrings,3.09,2019-05-03
software.txt,MOFA,3.09,2019-05-03
software.txt,nanotatoR,3.09,2019-05-03
software.txt,NBAMSeq,3.09,2019-05-03
software.txt,netboost,3.09,2019-05-03
software.txt,ngsReports,3.09,2019-05-03
software.txt,OmicsLonDA,3.09,2019-05-03
software.txt,OVESEG,3.09,2019-05-03
software.txt,PAIRADISE,3.09,2019-05-03
software.txt,PAST,3.09,2019-05-03
software.txt,pathwayPCA,3.09,2019-05-03
software.txt,PCAtools,3.09,2019-05-03
software.txt,phemd,3.09,2019-05-03
software.txt,pipeFrame,3.09,2019-05-03
software.txt,PoTRA,3.09,2019-05-03
software.txt,pram,3.09,2019-05-03
software.txt,PrecisionTrialDrawer,3.09,2019-05-03
software.txt,PrInCE,3.09,2019-05-03
software.txt,proBatch,3.09,2019-05-03
software.txt,profileplyr,3.09,2019-05-03
software.txt,projectR,3.09,2019-05-03
software.txt,qckitfastq,3.09,2019-05-03
software.txt,qsmooth,3.09,2019-05-03
software.txt,RCM,3.09,2019-05-03
software.txt,Rcwl,3.09,2019-05-03
software.txt,RcwlPipelines,3.09,2019-05-03
software.txt,RepViz,3.09,2019-05-03
software.txt,Rhisat2,3.09,2019-05-03
software.txt,rmelting,3.09,2019-05-03
software.txt,rScudo,3.09,2019-05-03
software.txt,scAlign,3.09,2019-05-03
software.txt,scds,3.09,2019-05-03
software.txt,scMerge,3.09,2019-05-03
software.txt,scRecover,3.09,2019-05-03
software.txt,scTensor,3.09,2019-05-03
software.txt,sitePath,3.09,2019-05-03
software.txt,SMAD,3.09,2019-05-03
software.txt,SpatialCPie,3.09,2019-05-03
software.txt,SpectralTAD,3.09,2019-05-03
software.txt,sRACIPE,3.09,2019-05-03
software.txt,ssrch,3.09,2019-05-03
software.txt,Structstrings,3.09,2019-05-03
software.txt,StructuralVariantAnnotation,3.09,2019-05-03
software.txt,SubCellBarCode,3.09,2019-05-03
software.txt,survtype,3.09,2019-05-03
software.txt,SynMut,3.09,2019-05-03
software.txt,TNBC.CMS,3.09,2019-05-03
software.txt,topconfects,3.09,2019-05-03
software.txt,TPP2D,3.09,2019-05-03
software.txt,TreeSummarizedExperiment,3.09,2019-05-03
software.txt,VCFArray,3.09,2019-05-03
software.txt,VennDetail,3.09,2019-05-03
software.txt,Xeva,3.09,2019-05-03
software.txt,AlphaBeta,3.10,2019-10-30
software.txt,ALPS,3.10,2019-10-30
software.txt,APAlyzer,3.10,2019-10-30
software.txt,ASpediaFI,3.10,2019-10-30
software.txt,Autotuner,3.10,2019-10-30
software.txt,AWFisher,3.10,2019-10-30
software.txt,BiocSet,3.10,2019-10-30
software.txt,BioTIP,3.10,2019-10-30
software.txt,biscuiteer,3.10,2019-10-30
software.txt,blacksheepr,3.10,2019-10-30
software.txt,brainflowprobes,3.10,2019-10-30
software.txt,brendaDb,3.10,2019-10-30
software.txt,BUSpaRse,3.10,2019-10-30
software.txt,calm,3.10,2019-10-30
software.txt,circRNAprofiler,3.10,2019-10-30
software.txt,cliqueMS,3.10,2019-10-30
software.txt,CNVfilteR,3.10,2019-10-30
software.txt,CrossICC,3.10,2019-10-30
software.txt,debCAM,3.10,2019-10-30
software.txt,deltaCaptureC,3.10,2019-10-30
software.txt,DEWSeq,3.10,2019-10-30
software.txt,DMCFB,3.10,2019-10-30
software.txt,fcoex,3.10,2019-10-30
software.txt,fcScan,3.10,2019-10-30
software.txt,flowSpecs,3.10,2019-10-30
software.txt,flowSpy,3.10,2019-10-30
software.txt,GCSscore,3.10,2019-10-30
software.txt,gemini,3.10,2019-10-30
software.txt,GenomicOZone,3.10,2019-10-30
software.txt,GmicR,3.10,2019-10-30
software.txt,gramm4R,3.10,2019-10-30
software.txt,gscreend,3.10,2019-10-30
software.txt,HCAExplorer,3.10,2019-10-30
software.txt,HiLDA,3.10,2019-10-30
software.txt,idr2d,3.10,2019-10-30
software.txt,IgGeneUsage,3.10,2019-10-30
software.txt,KnowSeq,3.10,2019-10-30
software.txt,LinkHD,3.10,2019-10-30
software.txt,lionessR,3.10,2019-10-30
software.txt,Maaslin2,3.10,2019-10-30
software.txt,MACSQuantifyR,3.10,2019-10-30
software.txt,MBQN,3.10,2019-10-30
software.txt,MEB,3.10,2019-10-30
software.txt,MetaVolcanoR,3.10,2019-10-30
software.txt,MethCP,3.10,2019-10-30
software.txt,methrix,3.10,2019-10-30
software.txt,methylCC,3.10,2019-10-30
software.txt,microbiomeDASim,3.10,2019-10-30
software.txt,MMAPPR2,3.10,2019-10-30
software.txt,MMUPHin,3.10,2019-10-30
software.txt,MOSim,3.10,2019-10-30
software.txt,MSstatsSampleSize,3.10,2019-10-30
software.txt,muscat,3.10,2019-10-30
software.txt,ncGTW,3.10,2019-10-30
software.txt,OmnipathR,3.10,2019-10-30
software.txt,oppti,3.10,2019-10-30
software.txt,peakPantheR,3.10,2019-10-30
software.txt,PERFect,3.10,2019-10-30
software.txt,PhyloProfile,3.10,2019-10-30
software.txt,proDA,3.10,2019-10-30
software.txt,pulsedSilac,3.10,2019-10-30
software.txt,pwrEWAS,3.10,2019-10-30
software.txt,Qtlizer,3.10,2019-10-30
software.txt,ReactomeGSA,3.10,2019-10-30
software.txt,RNAmodR,3.10,2019-10-30
software.txt,RNAmodR.AlkAnilineSeq,3.10,2019-10-30
software.txt,RNAmodR.ML,3.10,2019-10-30
software.txt,RNAmodR.RiboMethSeq,3.10,2019-10-30
software.txt,RNAsense,3.10,2019-10-30
software.txt,SAIGEgds,3.10,2019-10-30
software.txt,SBGNview,3.10,2019-10-30
software.txt,SCANVIS,3.10,2019-10-30
software.txt,scBFA,3.10,2019-10-30
software.txt,scDblFinder,3.10,2019-10-30
software.txt,scGPS,3.10,2019-10-30
software.txt,schex,3.10,2019-10-30
software.txt,scPCA,3.10,2019-10-30
software.txt,scTGIF,3.10,2019-10-30
software.txt,SEtools,3.10,2019-10-30
software.txt,SharedObject,3.10,2019-10-30
software.txt,signatureSearch,3.10,2019-10-30
software.txt,SigsPack,3.10,2019-10-30
software.txt,SingleR,3.10,2019-10-30
software.txt,sojourner,3.10,2019-10-30
software.txt,Spaniel,3.10,2019-10-30
software.txt,SQLDataFrame,3.10,2019-10-30
software.txt,ssPATHS,3.10,2019-10-30
software.txt,target,3.10,2019-10-30
software.txt,TOAST,3.10,2019-10-30
software.txt,tradeSeq,3.10,2019-10-30
software.txt,VariantExperiment,3.10,2019-10-30
software.txt,ViSEAGO,3.10,2019-10-30
software.txt,waddR,3.10,2019-10-30
software.txt,XCIR,3.10,2019-10-30
